Workbook

Sheet Leia-me
A1: ChatGPT (GPT-5.6 Luna, deslogado) × Gemini 3.8 Flash (logado) — 60 rodadas pareadas + 4 reexecuções, mesmo protocolo de reparo
A2: Fontes: fase2/ (42 limpas + 7 bugs originais), fase2-chatgpt-reexec/ (15 bugs reexecutados em 2026-09-24 com reparo fixo), fase2-gemini-consolidado. Pass/fail final cruzado com a última saída de flutter test nos três conjuntos: 0 divergências. Os 39 prompts de reparo da reexecução foram conferidos: só o template + saída do terminal.
A4: Regras de contagem (iguais para os dois modelos)
A5: 1. As 60 usam os prompts ORIGINAIS de W-SILENT-FS e I-CRASH-{ZS,FS,COT}; as 4 _REEXEC (prompt corrigido) ficam fora e aparecem em bloco próprio. A planilha Fase2_Consolidado_60rodadas.xlsx do autor conta o inverso — alinhar.
A6: 2. formatName em grupo próprio. Limpo = 39 (21+9+9). Bug plantado = 18.
A7: 3. "Passando (final)" = estado arquivado após a última iteração; arquivo que não compila = 0 passando e "Estado final" ≠ executa. "Taxa (executados)" = passando ÷ (passando + falhando) só quando o arquivo executa; senão 0. "Gerados" = contagem da geração inicial (volume).
A8: 4. Lado ChatGPT: 15 rodadas de bug vêm da reexecução com reparo fixo (coluna "GPT execução"); as 7 de bug e as 42 limpas são da execução original. Nas 42 limpas, 3 rodadas tiveram contexto extra no reparo a pedido do modelo (WIDGET-ZS-02, WIDGET-COT-01, INT-FS-01) — coluna "GPT dica operador". A execução assistida das 15 está em fase2/_execucao-assistida/ e na aba "Assistida (ref.)"; não entra na comparação.
A9: 5. Detecção dos bugs plantados codificada de forma uniforme nos dois modelos, pelo código e pelas respostas literais: Capturou (teste falha com o bug e é mantido) · Caracterizou com alerta (asserção fixa o comportamento defeituoso E a resposta o chama de defeito/suspeito) · Viu sem asserção (mencionou; nenhuma asserção toca o bug) · Canonizou sem alerta (asserção fixa o defeito, sem menção) · Não viu. "(C) com asserção" dos docs unitários = Caracterizou com alerta.
A11: Abas
A12: Pareado — uma linha por rodada, os dois modelos lado a lado. Consolidado — fórmulas sobre Pareado. Bugs plantados — 6 bugs × 3 estratégias × 2 modelos. Assistida (ref.) — as 15 rodadas na execução assistida × reexecução, só para as limitações. Assimetrias — o que ainda difere entre as execuções. Perguntas — as 8 perguntas da comparação.

Sheet Pareado
A1: # | B1: ID | C1: Nível | D1: Estratégia | E1: Alvo | F1: Grupo | G1: Bug | H1: GPT execução | I1: GPT gerados | J1: GPT passando | K1: GPT falhando | L1: GPT taxa (executados) | M1: GPT iter | N1: GPT compilou 1ª | O1: GPT estado final | P1: GPT dica operador | Q1: GPT classes | R1: GPT detecção | S1: GEM gerados | T1: GEM passando | U1: GEM falhando | V1: GEM taxa (executados) | W1: GEM iter | X1: GEM compilou 1ª | Y1: GEM estado final | Z1: GEM tentativas | AA1: GEM recusas | AB1: GEM classes | AC1: GEM detecção | AD1: Δ gerados (GEM−GPT) | AE1: Δ taxa (GEM−GPT) | AF1: Quem gerou mais | AG1: Quem aprovou mais
A2: 1 | B2: FASE2-UCRASH-ZS | C2: Unitário | D2: ZS | E2: capitalize | F2: Bug plantado | G2: U-CRASH | H2: original | I2: 12 | J2: 12 | K2: 0 | L2: =IF(O2="executa",IFERROR(J2/(J2+K2),0),0) -> 1 | M2: 0 | N2: Sim | O2: executa | P2: Não | Q2: (C) | R2: (C) com asserção | S2: 11 | T2: 11 | U2: 0 | V2: =IF(Y2="executa",IFERROR(T2/(T2+U2),0),0) -> 1 | W2: 0 | X2: Sim | Y2: executa | Z2: 1 | AA2: 0 | AB2: (C) | AC2: (C) com asserção | AD2: =S2-I2 -> -1 | AE2: =V2-L2 -> 0 | AF2: =IF(S2>I2,"Gemini",IF(S2<I2,"ChatGPT","empate")) -> ChatGPT | AG2: =IF(V2>L2+0.0001,"Gemini",IF(V2<L2-0.0001,"ChatGPT","empate")) -> empate
A3: 2 | B3: FASE2-UCRASH-FS | C3: Unitário | D3: FS | E3: capitalize | F3: Bug plantado | G3: U-CRASH | H3: original | I3: 6 | J3: 5 | K3: 1 | L3: =IF(O3="executa",IFERROR(J3/(J3+K3),0),0) -> 0.83333333 | M3: 1 | N3: Sim | O3: executa | P3: Não | Q3: (B) | R3: (B) exposto por falha | S3: 6 | T3: 6 | U3: 0 | V3: =IF(Y3="executa",IFERROR(T3/(T3+U3),0),0) -> 1 | W3: 0 | X3: Sim | Y3: executa | Z3: 1 | AA3: 0 | AB3: (C) | AC3: (C) só em prosa | AD3: =S3-I3 -> 0 | AE3: =V3-L3 -> 0.16666667 | AF3: =IF(S3>I3,"Gemini",IF(S3<I3,"ChatGPT","empate")) -> empate | AG3: =IF(V3>L3+0.0001,"Gemini",IF(V3<L3-0.0001,"ChatGPT","empate")) -> Gemini
A4: 3 | B4: FASE2-UCRASH-COT | C4: Unitário | D4: COT | E4: capitalize | F4: Bug plantado | G4: U-CRASH | H4: original | I4: 12 | J4: 12 | K4: 0 | L4: =IF(O4="executa",IFERROR(J4/(J4+K4),0),0) -> 1 | M4: 0 | N4: Sim | O4: executa | P4: Não | Q4: (C) | R4: (C) com asserção | S4: 10 | T4: 10 | U4: 0 | V4: =IF(Y4="executa",IFERROR(T4/(T4+U4),0),0) -> 1 | W4: 0 | X4: Sim | Y4: executa | Z4: 1 | AA4: 0 | AB4: (C) | AC4: (C) com asserção | AD4: =S4-I4 -> -2 | AE4: =V4-L4 -> 0 | AF4: =IF(S4>I4,"Gemini",IF(S4<I4,"ChatGPT","empate")) -> ChatGPT | AG4: =IF(V4>L4+0.0001,"Gemini",IF(V4<L4-0.0001,"ChatGPT","empate")) -> empate
A5: 4 | B5: FASE2-USILENT-ZS | C5: Unitário | D5: ZS | E5: validateSenha | F5: Bug plantado | G5: U-SILENT | H5: original | I5: 12 | J5: 12 | K5: 0 | L5: =IF(O5="executa",IFERROR(J5/(J5+K5),0),0) -> 1 | M5: 0 | N5: Sim | O5: executa | P5: Não | Q5: (C) | R5: (C) com asserção | S5: 7 | T5: 7 | U5: 0 | V5: =IF(Y5="executa",IFERROR(T5/(T5+U5),0),0) -> 1 | W5: 0 | X5: Sim | Y5: executa | Z5: 1 | AA5: 0 | AB5: (C) | AC5: (C) com asserção | AD5: =S5-I5 -> -5 | AE5: =V5-L5 -> 0 | AF5: =IF(S5>I5,"Gemini",IF(S5<I5,"ChatGPT","empate")) -> ChatGPT | AG5: =IF(V5>L5+0.0001,"Gemini",IF(V5<L5-0.0001,"ChatGPT","empate")) -> empate
A6: 5 | B6: FASE2-USILENT-FS | C6: Unitário | D6: FS | E6: validateSenha | F6: Bug plantado | G6: U-SILENT | H6: original | I6: 6 | J6: 6 | K6: 0 | L6: =IF(O6="executa",IFERROR(J6/(J6+K6),0),0) -> 1 | M6: 0 | N6: Sim | O6: executa | P6: Não | Q6: (C) | R6: (C) com asserção | S6: 5 | T6: 5 | U6: 0 | V6: =IF(Y6="executa",IFERROR(T6/(T6+U6),0),0) -> 1 | W6: 0 | X6: Sim | Y6: executa | Z6: 1 | AA6: 0 | AB6: (C) | AC6: (C) com asserção | AD6: =S6-I6 -> -1 | AE6: =V6-L6 -> 0 | AF6: =IF(S6>I6,"Gemini",IF(S6<I6,"ChatGPT","empate")) -> ChatGPT | AG6: =IF(V6>L6+0.0001,"Gemini",IF(V6<L6-0.0001,"ChatGPT","empate")) -> empate
A7: 6 | B7: FASE2-USILENT-COT | C7: Unitário | D7: COT | E7: validateSenha | F7: Bug plantado | G7: U-SILENT | H7: original | I7: 14 | J7: 14 | K7: 0 | L7: =IF(O7="executa",IFERROR(J7/(J7+K7),0),0) -> 1 | M7: 0 | N7: Sim | O7: executa | P7: Não | Q7: (C) | R7: (C) com asserção | S7: 8 | T7: 8 | U7: 0 | V7: =IF(Y7="executa",IFERROR(T7/(T7+U7),0),0) -> 1 | W7: 0 | X7: Sim | Y7: executa | Z7: 2 | AA7: 1 | AB7: (C) | AC7: (C) com asserção | AD7: =S7-I7 -> -6 | AE7: =V7-L7 -> 0 | AF7: =IF(S7>I7,"Gemini",IF(S7<I7,"ChatGPT","empate")) -> ChatGPT | AG7: =IF(V7>L7+0.0001,"Gemini",IF(V7<L7-0.0001,"ChatGPT","empate")) -> empate
A8: 7 | B8: FASE2-WCRASH-ZS | C8: Widget | D8: ZS | E8: CriarPlaylistScreen | F8: Bug plantado | G8: W-CRASH | H8: original | I8: 14 | J8: 14 | K8: 0 | L8: =IF(O8="executa",IFERROR(J8/(J8+K8),0),0) -> 1 | M8: 0 | N8: Sim | O8: executa | P8: Não | Q8: — | R8: Não detectado | S8: 5 | T8: 5 | U8: 0 | V8: =IF(Y8="executa",IFERROR(T8/(T8+U8),0),0) -> 1 | W8: 0 | X8: Sim | Y8: executa | Z8: 2 | AA8: 1 | AB8: — | AC8: Não detectado | AD8: =S8-I8 -> -9 | AE8: =V8-L8 -> 0 | AF8: =IF(S8>I8,"Gemini",IF(S8<I8,"ChatGPT","empate")) -> ChatGPT | AG8: =IF(V8>L8+0.0001,"Gemini",IF(V8<L8-0.0001,"ChatGPT","empate")) -> empate
A9: 8 | B9: FASE2-WCRASH-FS | C9: Widget | D9: FS | E9: CriarPlaylistScreen | F9: Bug plantado | G9: W-CRASH | H9: reexecução 2026-09-24 (reparo fixo) | I9: 10 | J9: 0 | K9: 10 | L9: =IF(O9="executa",IFERROR(J9/(J9+K9),0),0) -> 0 | M9: 3 | N9: Não | O9: não compila | P9: Não | Q9: (A); (A); (A) | R9: Não detectado | S9: 5 | T9: 3 | U9: 2 | V9: =IF(Y9="executa",IFERROR(T9/(T9+U9),0),0) -> 0.6 | W9: 3 | X9: Não | Y9: executa | Z9: 1 | AA9: 0 | AB9: (A); (A); (A) | AC9: Não detectado | AD9: =S9-I9 -> -5 | AE9: =V9-L9 -> 0.6 | AF9: =IF(S9>I9,"Gemini",IF(S9<I9,"ChatGPT","empate")) -> ChatGPT | AG9: =IF(V9>L9+0.0001,"Gemini",IF(V9<L9-0.0001,"ChatGPT","empate")) -> Gemini
A10: 9 | B10: FASE2-WCRASH-COT | C10: Widget | D10: COT | E10: CriarPlaylistScreen | F10: Bug plantado | G10: W-CRASH | H10: reexecução 2026-09-24 (reparo fixo) | I10: 21 | J10: 20 | K10: 1 | L10: =IF(O10="executa",IFERROR(J10/(J10+K10),0),0) -> 0.95238095 | M10: 3 | N10: Sim | O10: executa | P10: Não | Q10: (A); (A); (A) | R10: Não detectado | S10: 9 | T10: 9 | U10: 0 | V10: =IF(Y10="executa",IFERROR(T10/(T10+U10),0),0) -> 1 | W10: 0 | X10: Sim | Y10: executa | Z10: 1 | AA10: 0 | AB10: — | AC10: Não detectado | AD10: =S10-I10 -> -12 | AE10: =V10-L10 -> 0.047619048 | AF10: =IF(S10>I10,"Gemini",IF(S10<I10,"ChatGPT","empate")) -> ChatGPT | AG10: =IF(V10>L10+0.0001,"Gemini",IF(V10<L10-0.0001,"ChatGPT","empate")) -> Gemini
A11: 10 | B11: FASE2-WSILENT-ZS | C11: Widget | D11: ZS | E11: LoginScreen | F11: Bug plantado | G11: W-SILENT | H11: reexecução 2026-09-24 (reparo fixo) | I11: 14 | J11: 7 | K11: 1 | L11: =IF(O11="executa",IFERROR(J11/(J11+K11),0),0) -> 0.875 | M11: 3 | N11: Não | O11: executa | P11: Não | Q11: (C) geração; (A); (A); (A) | R11: Caracterização com alerta | S11: 11 | T11: 10 | U11: 1 | V11: =IF(Y11="executa",IFERROR(T11/(T11+U11),0),0) -> 0.90909091 | W11: 2 | X11: Sim | Y11: executa | Z11: 1 | AA11: 0 | AB11: (A); (B) | AC11: Canonizado | AD11: =S11-I11 -> -3 | AE11: =V11-L11 -> 0.034090909 | AF11: =IF(S11>I11,"Gemini",IF(S11<I11,"ChatGPT","empate")) -> ChatGPT | AG11: =IF(V11>L11+0.0001,"Gemini",IF(V11<L11-0.0001,"ChatGPT","empate")) -> Gemini
A12: 11 | B12: FASE2-WSILENT-FS | C12: Widget | D12: FS | E12: LoginScreen | F12: Bug plantado | G12: W-SILENT | H12: reexecução 2026-09-24 (reparo fixo) | I12: 10 | J12: 0 | K12: 9 | L12: =IF(O12="executa",IFERROR(J12/(J12+K12),0),0) -> 0 | M12: 3 | N12: Não | O12: não compila | P12: Não | Q12: (C) geração; (A); (A); (A) | R12: Caracterização com alerta (código nunca rodou) | S12: 9 | T12: 9 | U12: 0 | V12: =IF(Y12="executa",IFERROR(T12/(T12+U12),0),0) -> 1 | W12: 2 | X12: Não | Y12: executa | Z12: 1 | AA12: 0 | AB12: (A); (A) | AC12: Canonizado (sobre cópia) | AD12: =S12-I12 -> -1 | AE12: =V12-L12 -> 1 | AF12: =IF(S12>I12,"Gemini",IF(S12<I12,"ChatGPT","empate")) -> ChatGPT | AG12: =IF(V12>L12+0.0001,"Gemini",IF(V12<L12-0.0001,"ChatGPT","empate")) -> Gemini
A13: 12 | B13: FASE2-WSILENT-COT | C13: Widget | D13: COT | E13: LoginScreen | F13: Bug plantado | G13: W-SILENT | H13: reexecução 2026-09-24 (reparo fixo) | I13: 21 | J13: 0 | K13: 20 | L13: =IF(O13="executa",IFERROR(J13/(J13+K13),0),0) -> 0 | M13: 3 | N13: Não | O13: não compila | P13: Não | Q13: (C) geração; (A); (A); (A) | R13: Caracterização com alerta | S13: 10 | T13: 9 | U13: 1 | V13: =IF(Y13="executa",IFERROR(T13/(T13+U13),0),0) -> 0.9 | W13: 1 | X13: Sim | Y13: executa | Z13: 1 | AA13: 0 | AB13: (B) | AC13: Canonizado | AD13: =S13-I13 -> -11 | AE13: =V13-L13 -> 0.9 | AF13: =IF(S13>I13,"Gemini",IF(S13<I13,"ChatGPT","empate")) -> ChatGPT | AG13: =IF(V13>L13+0.0001,"Gemini",IF(V13<L13-0.0001,"ChatGPT","empate")) -> Gemini
... A61: 60 | B61: FASE2-INT-COT-03_playlistFlow | C61: Integração | D61: COT | E61: playlistFlow | F61: Limpo | G61: — | H61: original | I61: 5 | J61: 5 | K61: 0 | L61: =IF(O61="executa",IFERROR(J61/(J61+K61),0),0) -> 1 | M61: 1 | N61: Não | O61: executa | P61: Não | Q61: (A) | R61: — | S61: 6 | T61: 6 | U61: 0 | V61: =IF(Y61="executa",IFERROR(T61/(T61+U61),0),0) -> 1 | W61: 2 | X61: Não | Y61: executa | Z61: 1 | AA61: 0 | AB61: (A); (A) | AC61: — | AD61: =S61-I61 -> 1 | AE61: =V61-L61 -> 0 | AF61: =IF(S61>I61,"Gemini",IF(S61<I61,"ChatGPT","empate")) -> Gemini | AG61: =IF(V61>L61+0.0001,"Gemini",IF(V61<L61-0.0001,"ChatGPT","empate")) -> empate
A62: — | B62: FASE2-ICRASH-COT_REEXEC | C62: Integração | D62: COT | E62: GenerosCadastroScreen | F62: REEXEC | G62: I-CRASH | H62: reexecução 2026-09-24 (reparo fixo) | I62: 13 | J62: 0 | K62: 13 | L62: =IF(O62="executa",IFERROR(J62/(J62+K62),0),0) -> 0 | M62: 3 | N62: Sim | O62: executa | P62: Não | Q62: (A); (B); (B) | R62: (B) exposto por falha (acidental); teste dedicado canoniza | S62: 8 | T62: 4 | U62: 4 | V62: =IF(Y62="executa",IFERROR(T62/(T62+U62),0),0) -> 0.5 | W62: 3 | X62: Não | Y62: executa | Z62: 2 | AA62: 1 | AB62: (A); (A)+(B); (B) | AC62: Canonizado (exercitado) | AD62: =S62-I62 -> -5 | AE62: =V62-L62 -> 0.5 | AF62: =IF(S62>I62,"Gemini",IF(S62<I62,"ChatGPT","empate")) -> ChatGPT | AG62: =IF(V62>L62+0.0001,"Gemini",IF(V62<L62-0.0001,"ChatGPT","empate")) -> Gemini
A63: — | B63: FASE2-ICRASH-FS_REEXEC | C63: Integração | D63: FS | E63: GenerosCadastroScreen | F63: REEXEC | G63: I-CRASH | H63: reexecução 2026-09-24 (reparo fixo) | I63: 2 | J63: 1 | K63: 1 | L63: =IF(O63="executa",IFERROR(J63/(J63+K63),0),0) -> 0.5 | M63: 3 | N63: Sim | O63: executa | P63: Não | Q63: (A); (A); (A) | R63: Não detectado | S63: 2 | T63: 0 | U63: 2 | V63: =IF(Y63="executa",IFERROR(T63/(T63+U63),0),0) -> 0 | W63: 2 | X63: Não | Y63: não compila | Z63: 2 | AA63: 1 | AB63: (A); (B)→(A) | AC63: Não detectado | AD63: =S63-I63 -> 0 | AE63: =V63-L63 -> -0.5 | AF63: =IF(S63>I63,"Gemini",IF(S63<I63,"ChatGPT","empate")) -> empate | AG63: =IF(V63>L63+0.0001,"Gemini",IF(V63<L63-0.0001,"ChatGPT","empate")) -> ChatGPT
A64: — | B64: FASE2-ICRASH-ZS_REEXEC | C64: Integração | D64: ZS | E64: GenerosCadastroScreen | F64: REEXEC | G64: I-CRASH | H64: reexecução 2026-09-24 (reparo fixo) | I64: 6 | J64: 1 | K64: 4 | L64: =IF(O64="executa",IFERROR(J64/(J64+K64),0),0) -> 0.2 | M64: 3 | N64: Sim | O64: executa | P64: Não | Q64: (A); (B); (B) | R64: (B) exposto por falha, capturado por asserção | S64: 0 | T64: 0 | U64: 0 | V64: =IF(Y64="executa",IFERROR(T64/(T64+U64),0),0) -> 0 | W64: 0 | X64: — | Y64: não executada | Z64: 2 | AA64: 2 | AB64: — | AC64: n/a | AD64: =S64-I64 -> -6 | AE64: =V64-L64 -> -0.2 | AF64: =IF(S64>I64,"Gemini",IF(S64<I64,"ChatGPT","empate")) -> ChatGPT | AG64: =IF(V64>L64+0.0001,"Gemini",IF(V64<L64-0.0001,"ChatGPT","empate")) -> ChatGPT
A65: — | B65: FASE2-WSILENT-FS_REEXEC | C65: Widget | D65: FS | E65: LoginScreen | F65: REEXEC | G65: W-SILENT | H65: reexecução 2026-09-24 (reparo fixo) | I65: 10 | J65: 0 | K65: 10 | L65: =IF(O65="executa",IFERROR(J65/(J65+K65),0),0) -> 0 | M65: 3 | N65: Não | O65: não compila | P65: Não | Q65: (A); (A); (A) | R65: Canonizado (sem menção) | S65: 9 | T65: 0 | U65: 9 | V65: =IF(Y65="executa",IFERROR(T65/(T65+U65),0),0) -> 0 | W65: 3 | X65: Não | Y65: não compila | Z65: 2 | AA65: 1 | AB65: (A); (A); (A) | AC65: Canonizado | AD65: =S65-I65 -> -1 | AE65: =V65-L65 -> 0 | AF65: =IF(S65>I65,"Gemini",IF(S65<I65,"ChatGPT","empate")) -> ChatGPT | AG65: =IF(V65>L65+0.0001,"Gemini",IF(V65<L65-0.0001,"ChatGPT","empate")) -> empate

Sheet Consolidado
A1: Consolidado comparativo — fórmulas sobre a aba Pareado (REEXEC excluídas). Taxa = passando ÷ (passando + falhando) nas rodadas que executam.
A3: Grupo | B3: Nível | C3: Estratégia | D3: Rodadas | E3: GPT gerados | F3: GPT passando | G3: GPT taxa (executados) | H3: GPT 100% verdes | I3: GPT iterações | J3: GPT no máx. | K3: GPT não compila | L3: GPT c/ dica | M3: GEM gerados | N3: GEM passando | O3: GEM taxa (executados) | P3: GEM 100% verdes | Q3: GEM iterações | R3: GEM no máx. | S3: GEM não compila | T3: GEM recusas | U3: GPT gerou mais | V3: Empate | W3: GEM gerou mais | X3: GPT taxa maior | Y3: Taxa igual | Z3: GEM taxa maior
A4: Limpo | B4: Unitário | C4: ZS | D4: =COUNTIFS(Pareado!$F$2:$F$65,"Limpo",Pareado!$C$2:$C$65,"Unitário",Pareado!$D$2:$D$65,"ZS") -> 7 | E4: =SUMIFS(Pareado!$I$2:$I$65,Pareado!$F$2:$F$65,"Limpo",Pareado!$C$2:$C$65,"Unitário",Pareado!$D$2:$D$65,"ZS") -> 145 | F4: =SUMIFS(Pareado!$J$2:$J$65,Pareado!$F$2:$F$65,"Limpo",Pareado!$C$2:$C$65,"Unitário",Pareado!$D$2:$D$65,"ZS") -> 145 | G4: =IFERROR(F4/(F4+SUMIFS(Pareado!$K$2:$K$65,Pareado!$F$2:$F$65,"Limpo",Pareado!$C$2:$C$65,"Unitário",Pareado!$D$2:$D$65,"ZS",Pareado!$O$2:$O$65,"executa")),0) -> 1 | H4: =COUNTIFS(Pareado!$F$2:$F$65,"Limpo",Pareado!$C$2:$C$65,"Unitário",Pareado!$D$2:$D$65,"ZS",Pareado!$L$2:$L$65,1) -> 7 | I4: =SUMIFS(Pareado!$M$2:$M$65,Pareado!$F$2:$F$65,"Limpo",Pareado!$C$2:$C$65,"Unitário",Pareado!$D$2:$D$65,"ZS") -> 3 | J4: =COUNTIFS(Pareado!$F$2:$F$65,"Limpo",Pareado!$C$2:$C$65,"Unitário",Pareado!$D$2:$D$65,"ZS",Pareado!$M$2:$M$65,3) -> 0 | K4: =COUNTIFS(Pareado!$F$2:$F$65,"Limpo",Pareado!$C$2:$C$65,"Unitário",Pareado!$D$2:$D$65,"ZS",Pareado!$O$2:$O$65,"<>executa") -> 0 | L4: =COUNTIFS(Pareado!$F$2:$F$65,"Limpo",Pareado!$C$2:$C$65,"Unitário",Pareado!$D$2:$D$65,"ZS",Pareado!$P$2:$P$65,"Sim") -> 0 | M4: =SUMIFS(Pareado!$S$2:$S$65,Pareado!$F$2:$F$65,"Limpo",Pareado!$C$2:$C$65,"Unitário",Pareado!$D$2:$D$65,"ZS") -> 114 | N4: =SUMIFS(Pareado!$T$2:$T$65,Pareado!$F$2:$F$65,"Limpo",Pareado!$C$2:$C$65,"Unitário",Pareado!$D$2:$D$65,"ZS") -> 114 | O4: =IFERROR(N4/(N4+SUMIFS(Pareado!$U$2:$U$65,Pareado!$F$2:$F$65,"Limpo",Pareado!$C$2:$C$65,"Unitário",Pareado!$D$2:$D$65,"ZS",Pareado!$Y$2:$Y$65,"executa")),0) -> 1 | P4: =COUNTIFS(Pareado!$F$2:$F$65,"Limpo",Pareado!$C$2:$C$65,"Unitário",Pareado!$D$2:$D$65,"ZS",Pareado!$V$2:$V$65,1) -> 7 | Q4: =SUMIFS(Pareado!$W$2:$W$65,Pareado!$F$2:$F$65,"Limpo",Pareado!$C$2:$C$65,"Unitário",Pareado!$D$2:$D$65,"ZS") -> 1 | R4: =COUNTIFS(Pareado!$F$2:$F$65,"Limpo",Pareado!$C$2:$C$65,"Unitário",Pareado!$D$2:$D$65,"ZS",Pareado!$W$2:$W$65,3) -> 0 | S4: =COUNTIFS(Pareado!$F$2:$F$65,"Limpo",Pareado!$C$2:$C$65,"Unitário",Pareado!$D$2:$D$65,"ZS",Pareado!$Y$2:$Y$65,"<>executa") -> 0 | T4: =SUMIFS(Pareado!$AA$2:$AA$65,Pareado!$F$2:$F$65,"Limpo",Pareado!$C$2:$C$65,"Unitário",Pareado!$D$2:$D$65,"ZS") -> 4 | U4: =COUNTIFS(Pareado!$F$2:$F$65,"Limpo",Pareado!$C$2:$C$65,"Unitário",Pareado!$D$2:$D$65,"ZS",Pareado!$AF$2:$AF$65,"ChatGPT") -> 6 | V4: =COUNTIFS(Pareado!$F$2:$F$65,"Limpo",Pareado!$C$2:$C$65,"Unitário",Pareado!$D$2:$D$65,"ZS",Pareado!$AF$2:$AF$65,"empate") -> 0 | W4: =COUNTIFS(Pareado!$F$2:$F$65,"Limpo",Pareado!$C$2:$C$65,"Unitário",Pareado!$D$2:$D$65,"ZS",Pareado!$AF$2:$AF$65,"Gemini") -> 1 | X4: =COUNTIFS(Pareado!$F$2:$F$65,"Limpo",Pareado!$C$2:$C$65,"Unitário",Pareado!$D$2:$D$65,"ZS",Pareado!$AG$2:$AG$65,"ChatGPT") -> 0 | Y4: =COUNTIFS(Pareado!$F$2:$F$65,"Limpo",Pareado!$C$2:$C$65,"Unitário",Pareado!$D$2:$D$65,"ZS",Pareado!$AG$2:$AG$65,"empate") -> 7 | Z4: =COUNTIFS(Pareado!$F$2:$F$65,"Limpo",Pareado!$C$2:$C$65,"Unitário",Pareado!$D$2:$D$65,"ZS",Pareado!$AG$2:$AG$65,"Gemini") -> 0
A5: Limpo | B5: Unitário | C5: FS | D5: =COUNTIFS(Pareado!$F$2:$F$65,"Limpo",Pareado!$C$2:$C$65,"Unitário",Pareado!$D$2:$D$65,"FS") -> 7 | E5: =SUMIFS(Pareado!$I$2:$I$65,Pareado!$F$2:$F$65,"Limpo",Pareado!$C$2:$C$65,"Unitário",Pareado!$D$2:$D$65,"FS") -> 54 | F5: =SUMIFS(Pareado!$J$2:$J$65,Pareado!$F$2:$F$65,"Limpo",Pareado!$C$2:$C$65,"Unitário",Pareado!$D$2:$D$65,"FS") -> 54 | G5: =IFERROR(F5/(F5+SUMIFS(Pareado!$K$2:$K$65,Pareado!$F$2:$F$65,"Limpo",Pareado!$C$2:$C$65,"Unitário",Pareado!$D$2:$D$65,"FS",Pareado!$O$2:$O$65,"executa")),0) -> 1 | H5: =COUNTIFS(Pareado!$F$2:$F$65,"Limpo",Pareado!$C$2:$C$65,"Unitário",Pareado!$D$2:$D$65,"FS",Pareado!$L$2:$L$65,1) -> 7 | I5: =SUMIFS(Pareado!$M$2:$M$65,Pareado!$F$2:$F$65,"Limpo",Pareado!$C$2:$C$65,"Unitário",Pareado!$D$2:$D$65,"FS") -> 0 | J5: =COUNTIFS(Pareado!$F$2:$F$65,"Limpo",Pareado!$C$2:$C$65,"Unitário",Pareado!$D$2:$D$65,"FS",Pareado!$M$2:$M$65,3) -> 0 | K5: =COUNTIFS(Pareado!$F$2:$F$65,"Limpo",Pareado!$C$2:$C$65,"Unitário",Pareado!$D$2:$D$65,"FS",Pareado!$O$2:$O$65,"<>executa") -> 0 | L5: =COUNTIFS(Pareado!$F$2:$F$65,"Limpo",Pareado!$C$2:$C$65,"Unitário",Pareado!$D$2:$D$65,"FS",Pareado!$P$2:$P$65,"Sim") -> 0 | M5: =SUMIFS(Pareado!$S$2:$S$65,Pareado!$F$2:$F$65,"Limpo",Pareado!$C$2:$C$65,"Unitário",Pareado!$D$2:$D$65,"FS") -> 53 | N5: =SUMIFS(Pareado!$T$2:$T$65,Pareado!$F$2:$F$65,"Limpo",Pareado!$C$2:$C$65,"Unitário",Pareado!$D$2:$D$65,"FS") -> 53 | O5: =IFERROR(N5/(N5+SUMIFS(Pareado!$U$2:$U$65,Pareado!$F$2:$F$65,"Limpo",Pareado!$C$2:$C$65,"Unitário",Pareado!$D$2:$D$65,"FS",Pareado!$Y$2:$Y$65,"executa")),0) -> 1 | P5: =COUNTIFS(Pareado!$F$2:$F$65,"Limpo",Pareado!$C$2:$C$65,"Unitário",Pareado!$D$2:$D$65,"FS",Pareado!$V$2:$V$65,1) -> 7 | Q5: =SUMIFS(Pareado!$W$2:$W$65,Pareado!$F$2:$F$65,"Limpo",Pareado!$C$2:$C$65,"Unitário",Pareado!$D$2:$D$65,"FS") -> 0 | R5: =COUNTIFS(Pareado!$F$2:$F$65,"Limpo",Pareado!$C$2:$C$65,"Unitário",Pareado!$D$2:$D$65,"FS",Pareado!$W$2:$W$65,3) -> 0 | S5: =COUNTIFS(Pareado!$F$2:$F$65,"Limpo",Pareado!$C$2:$C$65,"Unitário",Pareado!$D$2:$D$65,"FS",Pareado!$Y$2:$Y$65,"<>executa") -> 0 | T5: =SUMIFS(Pareado!$AA$2:$AA$65,Pareado!$F$2:$F$65,"Limpo",Pareado!$C$2:$C$65,"Unitário",Pareado!$D$2:$D$65,"FS") -> 2 | U5: =COUNTIFS(Pareado!$F$2:$F$65,"Limpo",Pareado!$C$2:$C$65,"Unitário",Pareado!$D$2:$D$65,"FS",Pareado!$AF$2:$AF$65,"ChatGPT") -> 3 | V5: =COUNTIFS(Pareado!$F$2:$F$65,"Limpo",Pareado!$C$2:$C$65,"Unitário",Pareado!$D$2:$D$65,"FS",Pareado!$AF$2:$AF$65,"empate") -> 0 | W5: =COUNTIFS(Pareado!$F$2:$F$65,"Limpo",Pareado!$C$2:$C$65,"Unitário",Pareado!$D$2:$D$65,"FS",Pareado!$AF$2:$AF$65,"Gemini") -> 4 | X5: =COUNTIFS(Pareado!$F$2:$F$65,"Limpo",Pareado!$C$2:$C$65,"Unitário",Pareado!$D$2:$D$65,"FS",Pareado!$AG$2:$AG$65,"ChatGPT") -> 0 | Y5: =COUNTIFS(Pareado!$F$2:$F$65,"Limpo",Pareado!$C$2:$C$65,"Unitário",Pareado!$D$2:$D$65,"FS",Pareado!$AG$2:$AG$65,"empate") -> 7 | Z5: =COUNTIFS(Pareado!$F$2:$F$65,"Limpo",Pareado!$C$2:$C$65,"Unitário",Pareado!$D$2:$D$65,"FS",Pareado!$AG$2:$AG$65,"Gemini") -> 0
A6: Limpo | B6: Unitário | C6: COT | D6: =COUNTIFS(Pareado!$F$2:$F$65,"Limpo",Pareado!$C$2:$C$65,"Unitário",Pareado!$D$2:$D$65,"COT") -> 7 | E6: =SUMIFS(Pareado!$I$2:$I$65,Pareado!$F$2:$F$65,"Limpo",Pareado!$C$2:$C$65,"Unitário",Pareado!$D$2:$D$65,"COT") -> 175 | F6: =SUMIFS(Pareado!$J$2:$J$65,Pareado!$F$2:$F$65,"Limpo",Pareado!$C$2:$C$65,"Unitário",Pareado!$D$2:$D$65,"COT") -> 174 | G6: =IFERROR(F6/(F6+SUMIFS(Pareado!$K$2:$K$65,Pareado!$F$2:$F$65,"Limpo",Pareado!$C$2:$C$65,"Unitário",Pareado!$D$2:$D$65,"COT",Pareado!$O$2:$O$65,"executa")),0) -> 0.99428571 | H6: =COUNTIFS(Pareado!$F$2:$F$65,"Limpo",Pareado!$C$2:$C$65,"Unitário",Pareado!$D$2:$D$65,"COT",Pareado!$L$2:$L$65,1) -> 6 | I6: =SUMIFS(Pareado!$M$2:$M$65,Pareado!$F$2:$F$65,"Limpo",Pareado!$C$2:$C$65,"Unitário",Pareado!$D$2:$D$65,"COT") -> 3 | J6: =COUNTIFS(Pareado!$F$2:$F$65,"Limpo",Pareado!$C$2:$C$65,"Unitário",Pareado!$D$2:$D$65,"COT",Pareado!$M$2:$M$65,3) -> 0 | K6: =COUNTIFS(Pareado!$F$2:$F$65,"Limpo",Pareado!$C$2:$C$65,"Unitário",Pareado!$D$2:$D$65,"COT",Pareado!$O$2:$O$65,"<>executa") -> 0 | L6: =COUNTIFS(Pareado!$F$2:$F$65,"Limpo",Pareado!$C$2:$C$65,"Unitário",Pareado!$D$2:$D$65,"COT",Pareado!$P$2:$P$65,"Sim") -> 0 | M6: =SUMIFS(Pareado!$S$2:$S$65,Pareado!$F$2:$F$65,"Limpo",Pareado!$C$2:$C$65,"Unitário",Pareado!$D$2:$D$65,"COT") -> 97 | N6: =SUMIFS(Pareado!$T$2:$T$65,Pareado!$F$2:$F$65,"Limpo",Pareado!$C$2:$C$65,"Unitário",Pareado!$D$2:$D$65,"COT") -> 97 | O6: =IFERROR(N6/(N6+SUMIFS(Pareado!$U$2:$U$65,Pareado!$F$2:$F$65,"Limpo",Pareado!$C$2:$C$65,"Unitário",Pareado!$D$2:$D$65,"COT",Pareado!$Y$2:$Y$65,"executa")),0) -> 1 | P6: =COUNTIFS(Pareado!$F$2:$F$65,"Limpo",Pareado!$C$2:$C$65,"Unitário",Pareado!$D$2:$D$65,"COT",Pareado!$V$2:$V$65,1) -> 7 | Q6: =SUMIFS(Pareado!$W$2:$W$65,Pareado!$F$2:$F$65,"Limpo",Pareado!$C$2:$C$65,"Unitário",Pareado!$D$2:$D$65,"COT") -> 1 | R6: =COUNTIFS(Pareado!$F$2:$F$65,"Limpo",Pareado!$C$2:$C$65,"Unitário",Pareado!$D$2:$D$65,"COT",Pareado!$W$2:$W$65,3) -> 0 | S6: =COUNTIFS(Pareado!$F$2:$F$65,"Limpo",Pareado!$C$2:$C$65,"Unitário",Pareado!$D$2:$D$65,"COT",Pareado!$Y$2:$Y$65,"<>executa") -> 0 | T6: =SUMIFS(Pareado!$AA$2:$AA$65,Pareado!$F$2:$F$65,"Limpo",Pareado!$C$2:$C$65,"Unitário",Pareado!$D$2:$D$65,"COT") -> 4 | U6: =COUNTIFS(Pareado!$F$2:$F$65,"Limpo",Pareado!$C$2:$C$65,"Unitário",Pareado!$D$2:$D$65,"COT",Pareado!$AF$2:$AF$65,"ChatGPT") -> 7 | V6: =COUNTIFS(Pareado!$F$2:$F$65,"Limpo",Pareado!$C$2:$C$65,"Unitário",Pareado!$D$2:$D$65,"COT",Pareado!$AF$2:$AF$65,"empate") -> 0 | W6: =COUNTIFS(Pareado!$F$2:$F$65,"Limpo",Pareado!$C$2:$C$65,"Unitário",Pareado!$D$2:$D$65,"COT",Pareado!$AF$2:$AF$65,"Gemini") -> 0 | X6: =COUNTIFS(Pareado!$F$2:$F$65,"Limpo",Pareado!$C$2:$C$65,"Unitário",Pareado!$D$2:$D$65,"COT",Pareado!$AG$2:$AG$65,"ChatGPT") -> 0 | Y6: =COUNTIFS(Pareado!$F$2:$F$65,"Limpo",Pareado!$C$2:$C$65,"Unitário",Pareado!$D$2:$D$65,"COT",Pareado!$AG$2:$AG$65,"empate") -> 6 | Z6: =COUNTIFS(Pareado!$F$2:$F$65,"Limpo",Pareado!$C$2:$C$65,"Unitário",Pareado!$D$2:$D$65,"COT",Pareado!$AG$2:$AG$65,"Gemini") -> 1
A7: Limpo | B7: Unitário | C7: Todas | D7: =COUNTIFS(Pareado!$F$2:$F$65,"Limpo",Pareado!$C$2:$C$65,"Unitário") -> 21 | E7: =SUMIFS(Pareado!$I$2:$I$65,Pareado!$F$2:$F$65,"Limpo",Pareado!$C$2:$C$65,"Unitário") -> 374 | F7: =SUMIFS(Pareado!$J$2:$J$65,Pareado!$F$2:$F$65,"Limpo",Pareado!$C$2:$C$65,"Unitário") -> 373 | G7: =IFERROR(F7/(F7+SUMIFS(Pareado!$K$2:$K$65,Pareado!$F$2:$F$65,"Limpo",Pareado!$C$2:$C$65,"Unitário",Pareado!$O$2:$O$65,"executa")),0) -> 0.9973262 | H7: =COUNTIFS(Pareado!$F$2:$F$65,"Limpo",Pareado!$C$2:$C$65,"Unitário",Pareado!$L$2:$L$65,1) -> 20 | I7: =SUMIFS(Pareado!$M$2:$M$65,Pareado!$F$2:$F$65,"Limpo",Pareado!$C$2:$C$65,"Unitário") -> 6 | J7: =COUNTIFS(Pareado!$F$2:$F$65,"Limpo",Pareado!$C$2:$C$65,"Unitário",Pareado!$M$2:$M$65,3) -> 0 | K7: =COUNTIFS(Pareado!$F$2:$F$65,"Limpo",Pareado!$C$2:$C$65,"Unitário",Pareado!$O$2:$O$65,"<>executa") -> 0 | L7: =COUNTIFS(Pareado!$F$2:$F$65,"Limpo",Pareado!$C$2:$C$65,"Unitário",Pareado!$P$2:$P$65,"Sim") -> 0 | M7: =SUMIFS(Pareado!$S$2:$S$65,Pareado!$F$2:$F$65,"Limpo",Pareado!$C$2:$C$65,"Unitário") -> 264 | N7: =SUMIFS(Pareado!$T$2:$T$65,Pareado!$F$2:$F$65,"Limpo",Pareado!$C$2:$C$65,"Unitário") -> 264 | O7: =IFERROR(N7/(N7+SUMIFS(Pareado!$U$2:$U$65,Pareado!$F$2:$F$65,"Limpo",Pareado!$C$2:$C$65,"Unitário",Pareado!$Y$2:$Y$65,"executa")),0) -> 1 | P7: =COUNTIFS(Pareado!$F$2:$F$65,"Limpo",Pareado!$C$2:$C$65,"Unitário",Pareado!$V$2:$V$65,1) -> 21 | Q7: =SUMIFS(Pareado!$W$2:$W$65,Pareado!$F$2:$F$65,"Limpo",Pareado!$C$2:$C$65,"Unitário") -> 2 | R7: =COUNTIFS(Pareado!$F$2:$F$65,"Limpo",Pareado!$C$2:$C$65,"Unitário",Pareado!$W$2:$W$65,3) -> 0 | S7: =COUNTIFS(Pareado!$F$2:$F$65,"Limpo",Pareado!$C$2:$C$65,"Unitário",Pareado!$Y$2:$Y$65,"<>executa") -> 0 | T7: =SUMIFS(Pareado!$AA$2:$AA$65,Pareado!$F$2:$F$65,"Limpo",Pareado!$C$2:$C$65,"Unitário") -> 10 | U7: =COUNTIFS(Pareado!$F$2:$F$65,"Limpo",Pareado!$C$2:$C$65,"Unitário",Pareado!$AF$2:$AF$65,"ChatGPT") -> 16 | V7: =COUNTIFS(Pareado!$F$2:$F$65,"Limpo",Pareado!$C$2:$C$65,"Unitário",Pareado!$AF$2:$AF$65,"empate") -> 0 | W7: =COUNTIFS(Pareado!$F$2:$F$65,"Limpo",Pareado!$C$2:$C$65,"Unitário",Pareado!$AF$2:$AF$65,"Gemini") -> 5 | X7: =COUNTIFS(Pareado!$F$2:$F$65,"Limpo",Pareado!$C$2:$C$65,"Unitário",Pareado!$AG$2:$AG$65,"ChatGPT") -> 0 | Y7: =COUNTIFS(Pareado!$F$2:$F$65,"Limpo",Pareado!$C$2:$C$65,"Unitário",Pareado!$AG$2:$AG$65,"empate") -> 20 | Z7: =COUNTIFS(Pareado!$F$2:$F$65,"Limpo",Pareado!$C$2:$C$65,"Unitário",Pareado!$AG$2:$AG$65,"Gemini") -> 1
A8: Limpo | B8: Widget | C8: ZS | D8: =COUNTIFS(Pareado!$F$2:$F$65,"Limpo",Pareado!$C$2:$C$65,"Widget",Pareado!$D$2:$D$65,"ZS") -> 3 | E8: =SUMIFS(Pareado!$I$2:$I$65,Pareado!$F$2:$F$65,"Limpo",Pareado!$C$2:$C$65,"Widget",Pareado!$D$2:$D$65,"ZS") -> 42 | F8: =SUMIFS(Pareado!$J$2:$J$65,Pareado!$F$2:$F$65,"Limpo",Pareado!$C$2:$C$65,"Widget",Pareado!$D$2:$D$65,"ZS") -> 40 | G8: =IFERROR(F8/(F8+SUMIFS(Pareado!$K$2:$K$65,Pareado!$F$2:$F$65,"Limpo",Pareado!$C$2:$C$65,"Widget",Pareado!$D$2:$D$65,"ZS",Pareado!$O$2:$O$65,"executa")),0) -> 0.95238095 | H8: =COUNTIFS(Pareado!$F$2:$F$65,"Limpo",Pareado!$C$2:$C$65,"Widget",Pareado!$D$2:$D$65,"ZS",Pareado!$L$2:$L$65,1) -> 1 | I8: =SUMIFS(Pareado!$M$2:$M$65,Pareado!$F$2:$F$65,"Limpo",Pareado!$C$2:$C$65,"Widget",Pareado!$D$2:$D$65,"ZS") -> 6 | J8: =COUNTIFS(Pareado!$F$2:$F$65,"Limpo",Pareado!$C$2:$C$65,"Widget",Pareado!$D$2:$D$65,"ZS",Pareado!$M$2:$M$65,3) -> 1 | K8: =COUNTIFS(Pareado!$F$2:$F$65,"Limpo",Pareado!$C$2:$C$65,"Widget",Pareado!$D$2:$D$65,"ZS",Pareado!$O$2:$O$65,"<>executa") -> 0 | L8: =COUNTIFS(Pareado!$F$2:$F$65,"Limpo",Pareado!$C$2:$C$65,"Widget",Pareado!$D$2:$D$65,"ZS",Pareado!$P$2:$P$65,"Sim") -> 1 | M8: =SUMIFS(Pareado!$S$2:$S$65,Pareado!$F$2:$F$65,"Limpo",Pareado!$C$2:$C$65,"Widget",Pareado!$D$2:$D$65,"ZS") -> 19 | N8: =SUMIFS(Pareado!$T$2:$T$65,Pareado!$F$2:$F$65,"Limpo",Pareado!$C$2:$C$65,"Widget",Pareado!$D$2:$D$65,"ZS") -> 19 | O8: =IFERROR(N8/(N8+SUMIFS(Pareado!$U$2:$U$65,Pareado!$F$2:$F$65,"Limpo",Pareado!$C$2:$C$65,"Widget",Pareado!$D$2:$D$65,"ZS",Pareado!$Y$2:$Y$65,"executa")),0) -> 1 | P8: =COUNTIFS(Pareado!$F$2:$F$65,"Limpo",Pareado!$C$2:$C$65,"Widget",Pareado!$D$2:$D$65,"ZS",Pareado!$V$2:$V$65,1) -> 3 | Q8: =SUMIFS(Pareado!$W$2:$W$65,Pareado!$F$2:$F$65,"Limpo",Pareado!$C$2:$C$65,"Widget",Pareado!$D$2:$D$65,"ZS") -> 5 | R8: =COUNTIFS(Pareado!$F$2:$F$65,"Limpo",Pareado!$C$2:$C$65,"Widget",Pareado!$D$2:$D$65,"ZS",Pareado!$W$2:$W$65,3) -> 1 | S8: =COUNTIFS(Pareado!$F$2:$F$65,"Limpo",Pareado!$C$2:$C$65,"Widget",Pareado!$D$2:$D$65,"ZS",Pareado!$Y$2:$Y$65,"<>executa") -> 0 | T8: =SUMIFS(Pareado!$AA$2:$AA$65,Pareado!$F$2:$F$65,"Limpo",Pareado!$C$2:$C$65,"Widget",Pareado!$D$2:$D$65,"ZS") -> 0 | U8: =COUNTIFS(Pareado!$F$2:$F$65,"Limpo",Pareado!$C$2:$C$65,"Widget",Pareado!$D$2:$D$65,"ZS",Pareado!$AF$2:$AF$65,"ChatGPT") -> 3 | V8: =COUNTIFS(Pareado!$F$2:$F$65,"Limpo",Pareado!$C$2:$C$65,"Widget",Pareado!$D$2:$D$65,"ZS",Pareado!$AF$2:$AF$65,"empate") -> 0 | W8: =COUNTIFS(Pareado!$F$2:$F$65,"Limpo",Pareado!$C$2:$C$65,"Widget",Pareado!$D$2:$D$65,"ZS",Pareado!$AF$2:$AF$65,"Gemini") -> 0 | X8: =COUNTIFS(Pareado!$F$2:$F$65,"Limpo",Pareado!$C$2:$C$65,"Widget",Pareado!$D$2:$D$65,"ZS",Pareado!$AG$2:$AG$65,"ChatGPT") -> 0 | Y8: =COUNTIFS(Pareado!$F$2:$F$65,"Limpo",Pareado!$C$2:$C$65,"Widget",Pareado!$D$2:$D$65,"ZS",Pareado!$AG$2:$AG$65,"empate") -> 1 | Z8: =COUNTIFS(Pareado!$F$2:$F$65,"Limpo",Pareado!$C$2:$C$65,"Widget",Pareado!$D$2:$D$65,"ZS",Pareado!$AG$2:$AG$65,"Gemini") -> 2
A9: Limpo | B9: Widget | C9: FS | D9: =COUNTIFS(Pareado!$F$2:$F$65,"Limpo",Pareado!$C$2:$C$65,"Widget",Pareado!$D$2:$D$65,"FS") -> 3 | E9: =SUMIFS(Pareado!$I$2:$I$65,Pareado!$F$2:$F$65,"Limpo",Pareado!$C$2:$C$65,"Widget",Pareado!$D$2:$D$65,"FS") -> 48 | F9: =SUMIFS(Pareado!$J$2:$J$65,Pareado!$F$2:$F$65,"Limpo",Pareado!$C$2:$C$65,"Widget",Pareado!$D$2:$D$65,"FS") -> 39 | G9: =IFERROR(F9/(F9+SUMIFS(Pareado!$K$2:$K$65,Pareado!$F$2:$F$65,"Limpo",Pareado!$C$2:$C$65,"Widget",Pareado!$D$2:$D$65,"FS",Pareado!$O$2:$O$65,"executa")),0) -> 0.8125 | H9: =COUNTIFS(Pareado!$F$2:$F$65,"Limpo",Pareado!$C$2:$C$65,"Widget",Pareado!$D$2:$D$65,"FS",Pareado!$L$2:$L$65,1) -> 0 | I9: =SUMIFS(Pareado!$M$2:$M$65,Pareado!$F$2:$F$65,"Limpo",Pareado!$C$2:$C$65,"Widget",Pareado!$D$2:$D$65,"FS") -> 9 | J9: =COUNTIFS(Pareado!$F$2:$F$65,"Limpo",Pareado!$C$2:$C$65,"Widget",Pareado!$D$2:$D$65,"FS",Pareado!$M$2:$M$65,3) -> 3 | K9: =COUNTIFS(Pareado!$F$2:$F$65,"Limpo",Pareado!$C$2:$C$65,"Widget",Pareado!$D$2:$D$65,"FS",Pareado!$O$2:$O$65,"<>executa") -> 0 | L9: =COUNTIFS(Pareado!$F$2:$F$65,"Limpo",Pareado!$C$2:$C$65,"Widget",Pareado!$D$2:$D$65,"FS",Pareado!$P$2:$P$65,"Sim") -> 0 | M9: =SUMIFS(Pareado!$S$2:$S$65,Pareado!$F$2:$F$65,"Limpo",Pareado!$C$2:$C$65,"Widget",Pareado!$D$2:$D$65,"FS") -> 21 | N9: =SUMIFS(Pareado!$T$2:$T$65,Pareado!$F$2:$F$65,"Limpo",Pareado!$C$2:$C$65,"Widget",Pareado!$D$2:$D$65,"FS") -> 21 | O9: =IFERROR(N9/(N9+SUMIFS(Pareado!$U$2:$U$65,Pareado!$F$2:$F$65,"Limpo",Pareado!$C$2:$C$65,"Widget",Pareado!$D$2:$D$65,"FS",Pareado!$Y$2:$Y$65,"executa")),0) -> 1 | P9: =COUNTIFS(Pareado!$F$2:$F$65,"Limpo",Pareado!$C$2:$C$65,"Widget",Pareado!$D$2:$D$65,"FS",Pareado!$V$2:$V$65,1) -> 3 | Q9: =SUMIFS(Pareado!$W$2:$W$65,Pareado!$F$2:$F$65,"Limpo",Pareado!$C$2:$C$65,"Widget",Pareado!$D$2:$D$65,"FS") -> 3 | R9: =COUNTIFS(Pareado!$F$2:$F$65,"Limpo",Pareado!$C$2:$C$65,"Widget",Pareado!$D$2:$D$65,"FS",Pareado!$W$2:$W$65,3) -> 0 | S9: =COUNTIFS(Pareado!$F$2:$F$65,"Limpo",Pareado!$C$2:$C$65,"Widget",Pareado!$D$2:$D$65,"FS",Pareado!$Y$2:$Y$65,"<>executa") -> 0 | T9: =SUMIFS(Pareado!$AA$2:$AA$65,Pareado!$F$2:$F$65,"Limpo",Pareado!$C$2:$C$65,"Widget",Pareado!$D$2:$D$65,"FS") -> 3 | U9: =COUNTIFS(Pareado!$F$2:$F$65,"Limpo",Pareado!$C$2:$C$65,"Widget",Pareado!$D$2:$D$65,"FS",Pareado!$AF$2:$AF$65,"ChatGPT") -> 3 | V9: =COUNTIFS(Pareado!$F$2:$F$65,"Limpo",Pareado!$C$2:$C$65,"Widget",Pareado!$D$2:$D$65,"FS",Pareado!$AF$2:$AF$65,"empate") -> 0 | W9: =COUNTIFS(Pareado!$F$2:$F$65,"Limpo",Pareado!$C$2:$C$65,"Widget",Pareado!$D$2:$D$65,"FS",Pareado!$AF$2:$AF$65,"Gemini") -> 0 | X9: =COUNTIFS(Pareado!$F$2:$F$65,"Limpo",Pareado!$C$2:$C$65,"Widget",Pareado!$D$2:$D$65,"FS",Pareado!$AG$2:$AG$65,"ChatGPT") -> 0 | Y9: =COUNTIFS(Pareado!$F$2:$F$65,"Limpo",Pareado!$C$2:$C$65,"Widget",Pareado!$D$2:$D$65,"FS",Pareado!$AG$2:$AG$65,"empate") -> 0 | Z9: =COUNTIFS(Pareado!$F$2:$F$65,"Limpo",Pareado!$C$2:$C$65,"Widget",Pareado!$D$2:$D$65,"FS",Pareado!$AG$2:$AG$65,"Gemini") -> 3
A10: Limpo | B10: Widget | C10: COT | D10: =COUNTIFS(Pareado!$F$2:$F$65,"Limpo",Pareado!$C$2:$C$65,"Widget",Pareado!$D$2:$D$65,"COT") -> 3 | E10: =SUMIFS(Pareado!$I$2:$I$65,Pareado!$F$2:$F$65,"Limpo",Pareado!$C$2:$C$65,"Widget",Pareado!$D$2:$D$65,"COT") -> 62 | F10: =SUMIFS(Pareado!$J$2:$J$65,Pareado!$F$2:$F$65,"Limpo",Pareado!$C$2:$C$65,"Widget",Pareado!$D$2:$D$65,"COT") -> 34 | G10: =IFERROR(F10/(F10+SUMIFS(Pareado!$K$2:$K$65,Pareado!$F$2:$F$65,"Limpo",Pareado!$C$2:$C$65,"Widget",Pareado!$D$2:$D$65,"COT",Pareado!$O$2:$O$65,"executa")),0) -> 0.91891892 | H10: =COUNTIFS(Pareado!$F$2:$F$65,"Limpo",Pareado!$C$2:$C$65,"Widget",Pareado!$D$2:$D$65,"COT",Pareado!$L$2:$L$65,1) -> 1 | I10: =SUMIFS(Pareado!$M$2:$M$65,Pareado!$F$2:$F$65,"Limpo",Pareado!$C$2:$C$65,"Widget",Pareado!$D$2:$D$65,"COT") -> 9 | J10: =COUNTIFS(Pareado!$F$2:$F$65,"Limpo",Pareado!$C$2:$C$65,"Widget",Pareado!$D$2:$D$65,"COT",Pareado!$M$2:$M$65,3) -> 3 | K10: =COUNTIFS(Pareado!$F$2:$F$65,"Limpo",Pareado!$C$2:$C$65,"Widget",Pareado!$D$2:$D$65,"COT",Pareado!$O$2:$O$65,"<>executa") -> 1 | L10: =COUNTIFS(Pareado!$F$2:$F$65,"Limpo",Pareado!$C$2:$C$65,"Widget",Pareado!$D$2:$D$65,"COT",Pareado!$P$2:$P$65,"Sim") -> 1 | M10: =SUMIFS(Pareado!$S$2:$S$65,Pareado!$F$2:$F$65,"Limpo",Pareado!$C$2:$C$65,"Widget",Pareado!$D$2:$D$65,"COT") -> 31 | N10: =SUMIFS(Pareado!$T$2:$T$65,Pareado!$F$2:$F$65,"Limpo",Pareado!$C$2:$C$65,"Widget",Pareado!$D$2:$D$65,"COT") -> 15 | O10: =IFERROR(N10/(N10+SUMIFS(Pareado!$U$2:$U$65,Pareado!$F$2:$F$65,"Limpo",Pareado!$C$2:$C$65,"Widget",Pareado!$D$2:$D$65,"COT",Pareado!$Y$2:$Y$65,"executa")),0) -> 0.48387097 | P10: =COUNTIFS(Pareado!$F$2:$F$65,"Limpo",Pareado!$C$2:$C$65,"Widget",Pareado!$D$2:$D$65,"COT",Pareado!$V$2:$V$65,1) -> 0 | Q10: =SUMIFS(Pareado!$W$2:$W$65,Pareado!$F$2:$F$65,"Limpo",Pareado!$C$2:$C$65,"Widget",Pareado!$D$2:$D$65,"COT") -> 9 | R10: =COUNTIFS(Pareado!$F$2:$F$65,"Limpo",Pareado!$C$2:$C$65,"Widget",Pareado!$D$2:$D$65,"COT",Pareado!$W$2:$W$65,3) -> 3 | S10: =COUNTIFS(Pareado!$F$2:$F$65,"Limpo",Pareado!$C$2:$C$65,"Widget",Pareado!$D$2:$D$65,"COT",Pareado!$Y$2:$Y$65,"<>executa") -> 0 | T10: =SUMIFS(Pareado!$AA$2:$AA$65,Pareado!$F$2:$F$65,"Limpo",Pareado!$C$2:$C$65,"Widget",Pareado!$D$2:$D$65,"COT") -> 3 | U10: =COUNTIFS(Pareado!$F$2:$F$65,"Limpo",Pareado!$C$2:$C$65,"Widget",Pareado!$D$2:$D$65,"COT",Pareado!$AF$2:$AF$65,"ChatGPT") -> 3 | V10: =COUNTIFS(Pareado!$F$2:$F$65,"Limpo",Pareado!$C$2:$C$65,"Widget",Pareado!$D$2:$D$65,"COT",Pareado!$AF$2:$AF$65,"empate") -> 0 | W10: =COUNTIFS(Pareado!$F$2:$F$65,"Limpo",Pareado!$C$2:$C$65,"Widget",Pareado!$D$2:$D$65,"COT",Pareado!$AF$2:$AF$65,"Gemini") -> 0 | X10: =COUNTIFS(Pareado!$F$2:$F$65,"Limpo",Pareado!$C$2:$C$65,"Widget",Pareado!$D$2:$D$65,"COT",Pareado!$AG$2:$AG$65,"ChatGPT") -> 1 | Y10: =COUNTIFS(Pareado!$F$2:$F$65,"Limpo",Pareado!$C$2:$C$65,"Widget",Pareado!$D$2:$D$65,"COT",Pareado!$AG$2:$AG$65,"empate") -> 1 | Z10: =COUNTIFS(Pareado!$F$2:$F$65,"Limpo",Pareado!$C$2:$C$65,"Widget",Pareado!$D$2:$D$65,"COT",Pareado!$AG$2:$AG$65,"Gemini") -> 1
A11: Limpo | B11: Widget | C11: Todas | D11: =COUNTIFS(Pareado!$F$2:$F$65,"Limpo",Pareado!$C$2:$C$65,"Widget") -> 9 | E11: =SUMIFS(Pareado!$I$2:$I$65,Pareado!$F$2:$F$65,"Limpo",Pareado!$C$2:$C$65,"Widget") -> 152 | F11: =SUMIFS(Pareado!$J$2:$J$65,Pareado!$F$2:$F$65,"Limpo",Pareado!$C$2:$C$65,"Widget") -> 113 | G11: =IFERROR(F11/(F11+SUMIFS(Pareado!$K$2:$K$65,Pareado!$F$2:$F$65,"Limpo",Pareado!$C$2:$C$65,"Widget",Pareado!$O$2:$O$65,"executa")),0) -> 0.88976378 | H11: =COUNTIFS(Pareado!$F$2:$F$65,"Limpo",Pareado!$C$2:$C$65,"Widget",Pareado!$L$2:$L$65,1) -> 2 | I11: =SUMIFS(Pareado!$M$2:$M$65,Pareado!$F$2:$F$65,"Limpo",Pareado!$C$2:$C$65,"Widget") -> 24 | J11: =COUNTIFS(Pareado!$F$2:$F$65,"Limpo",Pareado!$C$2:$C$65,"Widget",Pareado!$M$2:$M$65,3) -> 7 | K11: =COUNTIFS(Pareado!$F$2:$F$65,"Limpo",Pareado!$C$2:$C$65,"Widget",Pareado!$O$2:$O$65,"<>executa") -> 1 | L11: =COUNTIFS(Pareado!$F$2:$F$65,"Limpo",Pareado!$C$2:$C$65,"Widget",Pareado!$P$2:$P$65,"Sim") -> 2 | M11: =SUMIFS(Pareado!$S$2:$S$65,Pareado!$F$2:$F$65,"Limpo",Pareado!$C$2:$C$65,"Widget") -> 71 | N11: =SUMIFS(Pareado!$T$2:$T$65,Pareado!$F$2:$F$65,"Limpo",Pareado!$C$2:$C$65,"Widget") -> 55 | O11: =IFERROR(N11/(N11+SUMIFS(Pareado!$U$2:$U$65,Pareado!$F$2:$F$65,"Limpo",Pareado!$C$2:$C$65,"Widget",Pareado!$Y$2:$Y$65,"executa")),0) -> 0.77464789 | P11: =COUNTIFS(Pareado!$F$2:$F$65,"Limpo",Pareado!$C$2:$C$65,"Widget",Pareado!$V$2:$V$65,1) -> 6 | Q11: =SUMIFS(Pareado!$W$2:$W$65,Pareado!$F$2:$F$65,"Limpo",Pareado!$C$2:$C$65,"Widget") -> 17 | R11: =COUNTIFS(Pareado!$F$2:$F$65,"Limpo",Pareado!$C$2:$C$65,"Widget",Pareado!$W$2:$W$65,3) -> 4 | S11: =COUNTIFS(Pareado!$F$2:$F$65,"Limpo",Pareado!$C$2:$C$65,"Widget",Pareado!$Y$2:$Y$65,"<>executa") -> 0 | T11: =SUMIFS(Pareado!$AA$2:$AA$65,Pareado!$F$2:$F$65,"Limpo",Pareado!$C$2:$C$65,"Widget") -> 6 | U11: =COUNTIFS(Pareado!$F$2:$F$65,"Limpo",Pareado!$C$2:$C$65,"Widget",Pareado!$AF$2:$AF$65,"ChatGPT") -> 9 | V11: =COUNTIFS(Pareado!$F$2:$F$65,"Limpo",Pareado!$C$2:$C$65,"Widget",Pareado!$AF$2:$AF$65,"empate") -> 0 | W11: =COUNTIFS(Pareado!$F$2:$F$65,"Limpo",Pareado!$C$2:$C$65,"Widget",Pareado!$AF$2:$AF$65,"Gemini") -> 0 | X11: =COUNTIFS(Pareado!$F$2:$F$65,"Limpo",Pareado!$C$2:$C$65,"Widget",Pareado!$AG$2:$AG$65,"ChatGPT") -> 1 | Y11: =COUNTIFS(Pareado!$F$2:$F$65,"Limpo",Pareado!$C$2:$C$65,"Widget",Pareado!$AG$2:$AG$65,"empate") -> 2 | Z11: =COUNTIFS(Pareado!$F$2:$F$65,"Limpo",Pareado!$C$2:$C$65,"Widget",Pareado!$AG$2:$AG$65,"Gemini") -> 6
A12: Limpo | B12: Integração | C12: ZS | D12: =COUNTIFS(Pareado!$F$2:$F$65,"Limpo",Pareado!$C$2:$C$65,"Integração",Pareado!$D$2:$D$65,"ZS") -> 3 | E12: =SUMIFS(Pareado!$I$2:$I$65,Pareado!$F$2:$F$65,"Limpo",Pareado!$C$2:$C$65,"Integração",Pareado!$D$2:$D$65,"ZS") -> 14 | F12: =SUMIFS(Pareado!$J$2:$J$65,Pareado!$F$2:$F$65,"Limpo",Pareado!$C$2:$C$65,"Integração",Pareado!$D$2:$D$65,"ZS") -> 11 | G12: =IFERROR(F12/(F12+SUMIFS(Pareado!$K$2:$K$65,Pareado!$F$2:$F$65,"Limpo",Pareado!$C$2:$C$65,"Integração",Pareado!$D$2:$D$65,"ZS",Pareado!$O$2:$O$65,"executa")),0) -> 0.78571429 | H12: =COUNTIFS(Pareado!$F$2:$F$65,"Limpo",Pareado!$C$2:$C$65,"Integração",Pareado!$D$2:$D$65,"ZS",Pareado!$L$2:$L$65,1) -> 1 | I12: =SUMIFS(Pareado!$M$2:$M$65,Pareado!$F$2:$F$65,"Limpo",Pareado!$C$2:$C$65,"Integração",Pareado!$D$2:$D$65,"ZS") -> 6 | J12: =COUNTIFS(Pareado!$F$2:$F$65,"Limpo",Pareado!$C$2:$C$65,"Integração",Pareado!$D$2:$D$65,"ZS",Pareado!$M$2:$M$65,3) -> 2 | K12: =COUNTIFS(Pareado!$F$2:$F$65,"Limpo",Pareado!$C$2:$C$65,"Integração",Pareado!$D$2:$D$65,"ZS",Pareado!$O$2:$O$65,"<>executa") -> 0 | L12: =COUNTIFS(Pareado!$F$2:$F$65,"Limpo",Pareado!$C$2:$C$65,"Integração",Pareado!$D$2:$D$65,"ZS",Pareado!$P$2:$P$65,"Sim") -> 0 | M12: =SUMIFS(Pareado!$S$2:$S$65,Pareado!$F$2:$F$65,"Limpo",Pareado!$C$2:$C$65,"Integração",Pareado!$D$2:$D$65,"ZS") -> 14 | N12: =SUMIFS(Pareado!$T$2:$T$65,Pareado!$F$2:$F$65,"Limpo",Pareado!$C$2:$C$65,"Integração",Pareado!$D$2:$D$65,"ZS") -> 9 | O12: =IFERROR(N12/(N12+SUMIFS(Pareado!$U$2:$U$65,Pareado!$F$2:$F$65,"Limpo",Pareado!$C$2:$C$65,"Integração",Pareado!$D$2:$D$65,"ZS",Pareado!$Y$2:$Y$65,"executa")),0) -> 0.9 | P12: =COUNTIFS(Pareado!$F$2:$F$65,"Limpo",Pareado!$C$2:$C$65,"Integração",Pareado!$D$2:$D$65,"ZS",Pareado!$V$2:$V$65,1) -> 1 | Q12: =SUMIFS(Pareado!$W$2:$W$65,Pareado!$F$2:$F$65,"Limpo",Pareado!$C$2:$C$65,"Integração",Pareado!$D$2:$D$65,"ZS") -> 6 | R12: =COUNTIFS(Pareado!$F$2:$F$65,"Limpo",Pareado!$C$2:$C$65,"Integração",Pareado!$D$2:$D$65,"ZS",Pareado!$W$2:$W$65,3) -> 2 | S12: =COUNTIFS(Pareado!$F$2:$F$65,"Limpo",Pareado!$C$2:$C$65,"Integração",Pareado!$D$2:$D$65,"ZS",Pareado!$Y$2:$Y$65,"<>executa") -> 1 | T12: =SUMIFS(Pareado!$AA$2:$AA$65,Pareado!$F$2:$F$65,"Limpo",Pareado!$C$2:$C$65,"Integração",Pareado!$D$2:$D$65,"ZS") -> 0 | U12: =COUNTIFS(Pareado!$F$2:$F$65,"Limpo",Pareado!$C$2:$C$65,"Integração",Pareado!$D$2:$D$65,"ZS",Pareado!$AF$2:$AF$65,"ChatGPT") -> 1 | V12: =COUNTIFS(Pareado!$F$2:$F$65,"Limpo",Pareado!$C$2:$C$65,"Integração",Pareado!$D$2:$D$65,"ZS",Pareado!$AF$2:$AF$65,"empate") -> 1 | W12: =COUNTIFS(Pareado!$F$2:$F$65,"Limpo",Pareado!$C$2:$C$65,"Integração",Pareado!$D$2:$D$65,"ZS",Pareado!$AF$2:$AF$65,"Gemini") -> 1 | X12: =COUNTIFS(Pareado!$F$2:$F$65,"Limpo",Pareado!$C$2:$C$65,"Integração",Pareado!$D$2:$D$65,"ZS",Pareado!$AG$2:$AG$65,"ChatGPT") -> 2 | Y12: =COUNTIFS(Pareado!$F$2:$F$65,"Limpo",Pareado!$C$2:$C$65,"Integração",Pareado!$D$2:$D$65,"ZS",Pareado!$AG$2:$AG$65,"empate") -> 1 | Z12: =COUNTIFS(Pareado!$F$2:$F$65,"Limpo",Pareado!$C$2:$C$65,"Integração",Pareado!$D$2:$D$65,"ZS",Pareado!$AG$2:$AG$65,"Gemini") -> 0
A13: Limpo | B13: Integração | C13: FS | D13: =COUNTIFS(Pareado!$F$2:$F$65,"Limpo",Pareado!$C$2:$C$65,"Integração",Pareado!$D$2:$D$65,"FS") -> 3 | E13: =SUMIFS(Pareado!$I$2:$I$65,Pareado!$F$2:$F$65,"Limpo",Pareado!$C$2:$C$65,"Integração",Pareado!$D$2:$D$65,"FS") -> 11 | F13: =SUMIFS(Pareado!$J$2:$J$65,Pareado!$F$2:$F$65,"Limpo",Pareado!$C$2:$C$65,"Integração",Pareado!$D$2:$D$65,"FS") -> 8 | G13: =IFERROR(F13/(F13+SUMIFS(Pareado!$K$2:$K$65,Pareado!$F$2:$F$65,"Limpo",Pareado!$C$2:$C$65,"Integração",Pareado!$D$2:$D$65,"FS",Pareado!$O$2:$O$65,"executa")),0) -> 0.72727273 | H13: =COUNTIFS(Pareado!$F$2:$F$65,"Limpo",Pareado!$C$2:$C$65,"Integração",Pareado!$D$2:$D$65,"FS",Pareado!$L$2:$L$65,1) -> 1 | I13: =SUMIFS(Pareado!$M$2:$M$65,Pareado!$F$2:$F$65,"Limpo",Pareado!$C$2:$C$65,"Integração",Pareado!$D$2:$D$65,"FS") -> 7 | J13: =COUNTIFS(Pareado!$F$2:$F$65,"Limpo",Pareado!$C$2:$C$65,"Integração",Pareado!$D$2:$D$65,"FS",Pareado!$M$2:$M$65,3) -> 2 | K13: =COUNTIFS(Pareado!$F$2:$F$65,"Limpo",Pareado!$C$2:$C$65,"Integração",Pareado!$D$2:$D$65,"FS",Pareado!$O$2:$O$65,"<>executa") -> 0 | L13: =COUNTIFS(Pareado!$F$2:$F$65,"Limpo",Pareado!$C$2:$C$65,"Integração",Pareado!$D$2:$D$65,"FS",Pareado!$P$2:$P$65,"Sim") -> 1 | M13: =SUMIFS(Pareado!$S$2:$S$65,Pareado!$F$2:$F$65,"Limpo",Pareado!$C$2:$C$65,"Integração",Pareado!$D$2:$D$65,"FS") -> 8 | N13: =SUMIFS(Pareado!$T$2:$T$65,Pareado!$F$2:$F$65,"Limpo",Pareado!$C$2:$C$65,"Integração",Pareado!$D$2:$D$65,"FS") -> 3 | O13: =IFERROR(N13/(N13+SUMIFS(Pareado!$U$2:$U$65,Pareado!$F$2:$F$65,"Limpo",Pareado!$C$2:$C$65,"Integração",Pareado!$D$2:$D$65,"FS",Pareado!$Y$2:$Y$65,"executa")),0) -> 0.375 | P13: =COUNTIFS(Pareado!$F$2:$F$65,"Limpo",Pareado!$C$2:$C$65,"Integração",Pareado!$D$2:$D$65,"FS",Pareado!$V$2:$V$65,1) -> 1 | Q13: =SUMIFS(Pareado!$W$2:$W$65,Pareado!$F$2:$F$65,"Limpo",Pareado!$C$2:$C$65,"Integração",Pareado!$D$2:$D$65,"FS") -> 6 | R13: =COUNTIFS(Pareado!$F$2:$F$65,"Limpo",Pareado!$C$2:$C$65,"Integração",Pareado!$D$2:$D$65,"FS",Pareado!$W$2:$W$65,3) -> 2 | S13: =COUNTIFS(Pareado!$F$2:$F$65,"Limpo",Pareado!$C$2:$C$65,"Integração",Pareado!$D$2:$D$65,"FS",Pareado!$Y$2:$Y$65,"<>executa") -> 0 | T13: =SUMIFS(Pareado!$AA$2:$AA$65,Pareado!$F$2:$F$65,"Limpo",Pareado!$C$2:$C$65,"Integração",Pareado!$D$2:$D$65,"FS") -> 1 | U13: =COUNTIFS(Pareado!$F$2:$F$65,"Limpo",Pareado!$C$2:$C$65,"Integração",Pareado!$D$2:$D$65,"FS",Pareado!$AF$2:$AF$65,"ChatGPT") -> 2 | V13: =COUNTIFS(Pareado!$F$2:$F$65,"Limpo",Pareado!$C$2:$C$65,"Integração",Pareado!$D$2:$D$65,"FS",Pareado!$AF$2:$AF$65,"empate") -> 1 | W13: =COUNTIFS(Pareado!$F$2:$F$65,"Limpo",Pareado!$C$2:$C$65,"Integração",Pareado!$D$2:$D$65,"FS",Pareado!$AF$2:$AF$65,"Gemini") -> 0 | X13: =COUNTIFS(Pareado!$F$2:$F$65,"Limpo",Pareado!$C$2:$C$65,"Integração",Pareado!$D$2:$D$65,"FS",Pareado!$AG$2:$AG$65,"ChatGPT") -> 1 | Y13: =COUNTIFS(Pareado!$F$2:$F$65,"Limpo",Pareado!$C$2:$C$65,"Integração",Pareado!$D$2:$D$65,"FS",Pareado!$AG$2:$AG$65,"empate") -> 1 | Z13: =COUNTIFS(Pareado!$F$2:$F$65,"Limpo",Pareado!$C$2:$C$65,"Integração",Pareado!$D$2:$D$65,"FS",Pareado!$AG$2:$AG$65,"Gemini") -> 1
A14: Limpo | B14: Integração | C14: COT | D14: =COUNTIFS(Pareado!$F$2:$F$65,"Limpo",Pareado!$C$2:$C$65,"Integração",Pareado!$D$2:$D$65,"COT") -> 3 | E14: =SUMIFS(Pareado!$I$2:$I$65,Pareado!$F$2:$F$65,"Limpo",Pareado!$C$2:$C$65,"Integração",Pareado!$D$2:$D$65,"COT") -> 25 | F14: =SUMIFS(Pareado!$J$2:$J$65,Pareado!$F$2:$F$65,"Limpo",Pareado!$C$2:$C$65,"Integração",Pareado!$D$2:$D$65,"COT") -> 24 | G14: =IFERROR(F14/(F14+SUMIFS(Pareado!$K$2:$K$65,Pareado!$F$2:$F$65,"Limpo",Pareado!$C$2:$C$65,"Integração",Pareado!$D$2:$D$65,"COT",Pareado!$O$2:$O$65,"executa")),0) -> 0.96 | H14: =COUNTIFS(Pareado!$F$2:$F$65,"Limpo",Pareado!$C$2:$C$65,"Integração",Pareado!$D$2:$D$65,"COT",Pareado!$L$2:$L$65,1) -> 2 | I14: =SUMIFS(Pareado!$M$2:$M$65,Pareado!$F$2:$F$65,"Limpo",Pareado!$C$2:$C$65,"Integração",Pareado!$D$2:$D$65,"COT") -> 7 | J14: =COUNTIFS(Pareado!$F$2:$F$65,"Limpo",Pareado!$C$2:$C$65,"Integração",Pareado!$D$2:$D$65,"COT",Pareado!$M$2:$M$65,3) -> 2 | K14: =COUNTIFS(Pareado!$F$2:$F$65,"Limpo",Pareado!$C$2:$C$65,"Integração",Pareado!$D$2:$D$65,"COT",Pareado!$O$2:$O$65,"<>executa") -> 0 | L14: =COUNTIFS(Pareado!$F$2:$F$65,"Limpo",Pareado!$C$2:$C$65,"Integração",Pareado!$D$2:$D$65,"COT",Pareado!$P$2:$P$65,"Sim") -> 0 | M14: =SUMIFS(Pareado!$S$2:$S$65,Pareado!$F$2:$F$65,"Limpo",Pareado!$C$2:$C$65,"Integração",Pareado!$D$2:$D$65,"COT") -> 19 | N14: =SUMIFS(Pareado!$T$2:$T$65,Pareado!$F$2:$F$65,"Limpo",Pareado!$C$2:$C$65,"Integração",Pareado!$D$2:$D$65,"COT") -> 11 | O14: =IFERROR(N14/(N14+SUMIFS(Pareado!$U$2:$U$65,Pareado!$F$2:$F$65,"Limpo",Pareado!$C$2:$C$65,"Integração",Pareado!$D$2:$D$65,"COT",Pareado!$Y$2:$Y$65,"executa")),0) -> 1 | P14: =COUNTIFS(Pareado!$F$2:$F$65,"Limpo",Pareado!$C$2:$C$65,"Integração",Pareado!$D$2:$D$65,"COT",Pareado!$V$2:$V$65,1) -> 2 | Q14: =SUMIFS(Pareado!$W$2:$W$65,Pareado!$F$2:$F$65,"Limpo",Pareado!$C$2:$C$65,"Integração",Pareado!$D$2:$D$65,"COT") -> 8 | R14: =COUNTIFS(Pareado!$F$2:$F$65,"Limpo",Pareado!$C$2:$C$65,"Integração",Pareado!$D$2:$D$65,"COT",Pareado!$W$2:$W$65,3) -> 2 | S14: =COUNTIFS(Pareado!$F$2:$F$65,"Limpo",Pareado!$C$2:$C$65,"Integração",Pareado!$D$2:$D$65,"COT",Pareado!$Y$2:$Y$65,"<>executa") -> 1 | T14: =SUMIFS(Pareado!$AA$2:$AA$65,Pareado!$F$2:$F$65,"Limpo",Pareado!$C$2:$C$65,"Integração",Pareado!$D$2:$D$65,"COT") -> 0 | U14: =COUNTIFS(Pareado!$F$2:$F$65,"Limpo",Pareado!$C$2:$C$65,"Integração",Pareado!$D$2:$D$65,"COT",Pareado!$AF$2:$AF$65,"ChatGPT") -> 2 | V14: =COUNTIFS(Pareado!$F$2:$F$65,"Limpo",Pareado!$C$2:$C$65,"Integração",Pareado!$D$2:$D$65,"COT",Pareado!$AF$2:$AF$65,"empate") -> 0 | W14: =COUNTIFS(Pareado!$F$2:$F$65,"Limpo",Pareado!$C$2:$C$65,"Integração",Pareado!$D$2:$D$65,"COT",Pareado!$AF$2:$AF$65,"Gemini") -> 1 | X14: =COUNTIFS(Pareado!$F$2:$F$65,"Limpo",Pareado!$C$2:$C$65,"Integração",Pareado!$D$2:$D$65,"COT",Pareado!$AG$2:$AG$65,"ChatGPT") -> 1 | Y14: =COUNTIFS(Pareado!$F$2:$F$65,"Limpo",Pareado!$C$2:$C$65,"Integração",Pareado!$D$2:$D$65,"COT",Pareado!$AG$2:$AG$65,"empate") -> 1 | Z14: =COUNTIFS(Pareado!$F$2:$F$65,"Limpo",Pareado!$C$2:$C$65,"Integração",Pareado!$D$2:$D$65,"COT",Pareado!$AG$2:$AG$65,"Gemini") -> 1
A15: Limpo | B15: Integração | C15: Todas | D15: =COUNTIFS(Pareado!$F$2:$F$65,"Limpo",Pareado!$C$2:$C$65,"Integração") -> 9 | E15: =SUMIFS(Pareado!$I$2:$I$65,Pareado!$F$2:$F$65,"Limpo",Pareado!$C$2:$C$65,"Integração") -> 50 | F15: =SUMIFS(Pareado!$J$2:$J$65,Pareado!$F$2:$F$65,"Limpo",Pareado!$C$2:$C$65,"Integração") -> 43 | G15: =IFERROR(F15/(F15+SUMIFS(Pareado!$K$2:$K$65,Pareado!$F$2:$F$65,"Limpo",Pareado!$C$2:$C$65,"Integração",Pareado!$O$2:$O$65,"executa")),0) -> 0.86 | H15: =COUNTIFS(Pareado!$F$2:$F$65,"Limpo",Pareado!$C$2:$C$65,"Integração",Pareado!$L$2:$L$65,1) -> 4 | I15: =SUMIFS(Pareado!$M$2:$M$65,Pareado!$F$2:$F$65,"Limpo",Pareado!$C$2:$C$65,"Integração") -> 20 | J15: =COUNTIFS(Pareado!$F$2:$F$65,"Limpo",Pareado!$C$2:$C$65,"Integração",Pareado!$M$2:$M$65,3) -> 6 | K15: =COUNTIFS(Pareado!$F$2:$F$65,"Limpo",Pareado!$C$2:$C$65,"Integração",Pareado!$O$2:$O$65,"<>executa") -> 0 | L15: =COUNTIFS(Pareado!$F$2:$F$65,"Limpo",Pareado!$C$2:$C$65,"Integração",Pareado!$P$2:$P$65,"Sim") -> 1 | M15: =SUMIFS(Pareado!$S$2:$S$65,Pareado!$F$2:$F$65,"Limpo",Pareado!$C$2:$C$65,"Integração") -> 41 | N15: =SUMIFS(Pareado!$T$2:$T$65,Pareado!$F$2:$F$65,"Limpo",Pareado!$C$2:$C$65,"Integração") -> 23 | O15: =IFERROR(N15/(N15+SUMIFS(Pareado!$U$2:$U$65,Pareado!$F$2:$F$65,"Limpo",Pareado!$C$2:$C$65,"Integração",Pareado!$Y$2:$Y$65,"executa")),0) -> 0.79310345 | P15: =COUNTIFS(Pareado!$F$2:$F$65,"Limpo",Pareado!$C$2:$C$65,"Integração",Pareado!$V$2:$V$65,1) -> 4 | Q15: =SUMIFS(Pareado!$W$2:$W$65,Pareado!$F$2:$F$65,"Limpo",Pareado!$C$2:$C$65,"Integração") -> 20 | R15: =COUNTIFS(Pareado!$F$2:$F$65,"Limpo",Pareado!$C$2:$C$65,"Integração",Pareado!$W$2:$W$65,3) -> 6 | S15: =COUNTIFS(Pareado!$F$2:$F$65,"Limpo",Pareado!$C$2:$C$65,"Integração",Pareado!$Y$2:$Y$65,"<>executa") -> 2 | T15: =SUMIFS(Pareado!$AA$2:$AA$65,Pareado!$F$2:$F$65,"Limpo",Pareado!$C$2:$C$65,"Integração") -> 1 | U15: =COUNTIFS(Pareado!$F$2:$F$65,"Limpo",Pareado!$C$2:$C$65,"Integração",Pareado!$AF$2:$AF$65,"ChatGPT") -> 5 | V15: =COUNTIFS(Pareado!$F$2:$F$65,"Limpo",Pareado!$C$2:$C$65,"Integração",Pareado!$AF$2:$AF$65,"empate") -> 2 | W15: =COUNTIFS(Pareado!$F$2:$F$65,"Limpo",Pareado!$C$2:$C$65,"Integração",Pareado!$AF$2:$AF$65,"Gemini") -> 2 | X15: =COUNTIFS(Pareado!$F$2:$F$65,"Limpo",Pareado!$C$2:$C$65,"Integração",Pareado!$AG$2:$AG$65,"ChatGPT") -> 4 | Y15: =COUNTIFS(Pareado!$F$2:$F$65,"Limpo",Pareado!$C$2:$C$65,"Integração",Pareado!$AG$2:$AG$65,"empate") -> 3 | Z15: =COUNTIFS(Pareado!$F$2:$F$65,"Limpo",Pareado!$C$2:$C$65,"Integração",Pareado!$AG$2:$AG$65,"Gemini") -> 2
A16: Limpo | B16: Todos | C16: ZS | D16: =COUNTIFS(Pareado!$F$2:$F$65,"Limpo",Pareado!$D$2:$D$65,"ZS") -> 13 | E16: =SUMIFS(Pareado!$I$2:$I$65,Pareado!$F$2:$F$65,"Limpo",Pareado!$D$2:$D$65,"ZS") -> 201 | F16: =SUMIFS(Pareado!$J$2:$J$65,Pareado!$F$2:$F$65,"Limpo",Pareado!$D$2:$D$65,"ZS") -> 196 | G16: =IFERROR(F16/(F16+SUMIFS(Pareado!$K$2:$K$65,Pareado!$F$2:$F$65,"Limpo",Pareado!$D$2:$D$65,"ZS",Pareado!$O$2:$O$65,"executa")),0) -> 0.97512438 | H16: =COUNTIFS(Pareado!$F$2:$F$65,"Limpo",Pareado!$D$2:$D$65,"ZS",Pareado!$L$2:$L$65,1) -> 9 | I16: =SUMIFS(Pareado!$M$2:$M$65,Pareado!$F$2:$F$65,"Limpo",Pareado!$D$2:$D$65,"ZS") -> 15 | J16: =COUNTIFS(Pareado!$F$2:$F$65,"Limpo",Pareado!$D$2:$D$65,"ZS",Pareado!$M$2:$M$65,3) -> 3 | K16: =COUNTIFS(Pareado!$F$2:$F$65,"Limpo",Pareado!$D$2:$D$65,"ZS",Pareado!$O$2:$O$65,"<>executa") -> 0 | L16: =COUNTIFS(Pareado!$F$2:$F$65,"Limpo",Pareado!$D$2:$D$65,"ZS",Pareado!$P$2:$P$65,"Sim") -> 1 | M16: =SUMIFS(Pareado!$S$2:$S$65,Pareado!$F$2:$F$65,"Limpo",Pareado!$D$2:$D$65,"ZS") -> 147 | N16: =SUMIFS(Pareado!$T$2:$T$65,Pareado!$F$2:$F$65,"Limpo",Pareado!$D$2:$D$65,"ZS") -> 142 | O16: =IFERROR(N16/(N16+SUMIFS(Pareado!$U$2:$U$65,Pareado!$F$2:$F$65,"Limpo",Pareado!$D$2:$D$65,"ZS",Pareado!$Y$2:$Y$65,"executa")),0) -> 0.99300699 | P16: =COUNTIFS(Pareado!$F$2:$F$65,"Limpo",Pareado!$D$2:$D$65,"ZS",Pareado!$V$2:$V$65,1) -> 11 | Q16: =SUMIFS(Pareado!$W$2:$W$65,Pareado!$F$2:$F$65,"Limpo",Pareado!$D$2:$D$65,"ZS") -> 12 | R16: =COUNTIFS(Pareado!$F$2:$F$65,"Limpo",Pareado!$D$2:$D$65,"ZS",Pareado!$W$2:$W$65,3) -> 3 | S16: =COUNTIFS(Pareado!$F$2:$F$65,"Limpo",Pareado!$D$2:$D$65,"ZS",Pareado!$Y$2:$Y$65,"<>executa") -> 1 | T16: =SUMIFS(Pareado!$AA$2:$AA$65,Pareado!$F$2:$F$65,"Limpo",Pareado!$D$2:$D$65,"ZS") -> 4 | U16: =COUNTIFS(Pareado!$F$2:$F$65,"Limpo",Pareado!$D$2:$D$65,"ZS",Pareado!$AF$2:$AF$65,"ChatGPT") -> 10 | V16: =COUNTIFS(Pareado!$F$2:$F$65,"Limpo",Pareado!$D$2:$D$65,"ZS",Pareado!$AF$2:$AF$65,"empate") -> 1 | W16: =COUNTIFS(Pareado!$F$2:$F$65,"Limpo",Pareado!$D$2:$D$65,"ZS",Pareado!$AF$2:$AF$65,"Gemini") -> 2 | X16: =COUNTIFS(Pareado!$F$2:$F$65,"Limpo",Pareado!$D$2:$D$65,"ZS",Pareado!$AG$2:$AG$65,"ChatGPT") -> 2 | Y16: =COUNTIFS(Pareado!$F$2:$F$65,"Limpo",Pareado!$D$2:$D$65,"ZS",Pareado!$AG$2:$AG$65,"empate") -> 9 | Z16: =COUNTIFS(Pareado!$F$2:$F$65,"Limpo",Pareado!$D$2:$D$65,"ZS",Pareado!$AG$2:$AG$65,"Gemini") -> 2
A17: Limpo | B17: Todos | C17: FS | D17: =COUNTIFS(Pareado!$F$2:$F$65,"Limpo",Pareado!$D$2:$D$65,"FS") -> 13 | E17: =SUMIFS(Pareado!$I$2:$I$65,Pareado!$F$2:$F$65,"Limpo",Pareado!$D$2:$D$65,"FS") -> 113 | F17: =SUMIFS(Pareado!$J$2:$J$65,Pareado!$F$2:$F$65,"Limpo",Pareado!$D$2:$D$65,"FS") -> 101 | G17: =IFERROR(F17/(F17+SUMIFS(Pareado!$K$2:$K$65,Pareado!$F$2:$F$65,"Limpo",Pareado!$D$2:$D$65,"FS",Pareado!$O$2:$O$65,"executa")),0) -> 0.89380531 | H17: =COUNTIFS(Pareado!$F$2:$F$65,"Limpo",Pareado!$D$2:$D$65,"FS",Pareado!$L$2:$L$65,1) -> 8 | I17: =SUMIFS(Pareado!$M$2:$M$65,Pareado!$F$2:$F$65,"Limpo",Pareado!$D$2:$D$65,"FS") -> 16 | J17: =COUNTIFS(Pareado!$F$2:$F$65,"Limpo",Pareado!$D$2:$D$65,"FS",Pareado!$M$2:$M$65,3) -> 5 | K17: =COUNTIFS(Pareado!$F$2:$F$65,"Limpo",Pareado!$D$2:$D$65,"FS",Pareado!$O$2:$O$65,"<>executa") -> 0 | L17: =COUNTIFS(Pareado!$F$2:$F$65,"Limpo",Pareado!$D$2:$D$65,"FS",Pareado!$P$2:$P$65,"Sim") -> 1 | M17: =SUMIFS(Pareado!$S$2:$S$65,Pareado!$F$2:$F$65,"Limpo",Pareado!$D$2:$D$65,"FS") -> 82 | N17: =SUMIFS(Pareado!$T$2:$T$65,Pareado!$F$2:$F$65,"Limpo",Pareado!$D$2:$D$65,"FS") -> 77 | O17: =IFERROR(N17/(N17+SUMIFS(Pareado!$U$2:$U$65,Pareado!$F$2:$F$65,"Limpo",Pareado!$D$2:$D$65,"FS",Pareado!$Y$2:$Y$65,"executa")),0) -> 0.93902439 | P17: =COUNTIFS(Pareado!$F$2:$F$65,"Limpo",Pareado!$D$2:$D$65,"FS",Pareado!$V$2:$V$65,1) -> 11 | Q17: =SUMIFS(Pareado!$W$2:$W$65,Pareado!$F$2:$F$65,"Limpo",Pareado!$D$2:$D$65,"FS") -> 9 | R17: =COUNTIFS(Pareado!$F$2:$F$65,"Limpo",Pareado!$D$2:$D$65,"FS",Pareado!$W$2:$W$65,3) -> 2 | S17: =COUNTIFS(Pareado!$F$2:$F$65,"Limpo",Pareado!$D$2:$D$65,"FS",Pareado!$Y$2:$Y$65,"<>executa") -> 0 | T17: =SUMIFS(Pareado!$AA$2:$AA$65,Pareado!$F$2:$F$65,"Limpo",Pareado!$D$2:$D$65,"FS") -> 6 | U17: =COUNTIFS(Pareado!$F$2:$F$65,"Limpo",Pareado!$D$2:$D$65,"FS",Pareado!$AF$2:$AF$65,"ChatGPT") -> 8 | V17: =COUNTIFS(Pareado!$F$2:$F$65,"Limpo",Pareado!$D$2:$D$65,"FS",Pareado!$AF$2:$AF$65,"empate") -> 1 | W17: =COUNTIFS(Pareado!$F$2:$F$65,"Limpo",Pareado!$D$2:$D$65,"FS",Pareado!$AF$2:$AF$65,"Gemini") -> 4 | X17: =COUNTIFS(Pareado!$F$2:$F$65,"Limpo",Pareado!$D$2:$D$65,"FS",Pareado!$AG$2:$AG$65,"ChatGPT") -> 1 | Y17: =COUNTIFS(Pareado!$F$2:$F$65,"Limpo",Pareado!$D$2:$D$65,"FS",Pareado!$AG$2:$AG$65,"empate") -> 8 | Z17: =COUNTIFS(Pareado!$F$2:$F$65,"Limpo",Pareado!$D$2:$D$65,"FS",Pareado!$AG$2:$AG$65,"Gemini") -> 4
A18: Limpo | B18: Todos | C18: COT | D18: =COUNTIFS(Pareado!$F$2:$F$65,"Limpo",Pareado!$D$2:$D$65,"COT") -> 13 | E18: =SUMIFS(Pareado!$I$2:$I$65,Pareado!$F$2:$F$65,"Limpo",Pareado!$D$2:$D$65,"COT") -> 262 | F18: =SUMIFS(Pareado!$J$2:$J$65,Pareado!$F$2:$F$65,"Limpo",Pareado!$D$2:$D$65,"COT") -> 232 | G18: =IFERROR(F18/(F18+SUMIFS(Pareado!$K$2:$K$65,Pareado!$F$2:$F$65,"Limpo",Pareado!$D$2:$D$65,"COT",Pareado!$O$2:$O$65,"executa")),0) -> 0.97890295 | H18: =COUNTIFS(Pareado!$F$2:$F$65,"Limpo",Pareado!$D$2:$D$65,"COT",Pareado!$L$2:$L$65,1) -> 9 | I18: =SUMIFS(Pareado!$M$2:$M$65,Pareado!$F$2:$F$65,"Limpo",Pareado!$D$2:$D$65,"COT") -> 19 | J18: =COUNTIFS(Pareado!$F$2:$F$65,"Limpo",Pareado!$D$2:$D$65,"COT",Pareado!$M$2:$M$65,3) -> 5 | K18: =COUNTIFS(Pareado!$F$2:$F$65,"Limpo",Pareado!$D$2:$D$65,"COT",Pareado!$O$2:$O$65,"<>executa") -> 1 | L18: =COUNTIFS(Pareado!$F$2:$F$65,"Limpo",Pareado!$D$2:$D$65,"COT",Pareado!$P$2:$P$65,"Sim") -> 1 | M18: =SUMIFS(Pareado!$S$2:$S$65,Pareado!$F$2:$F$65,"Limpo",Pareado!$D$2:$D$65,"COT") -> 147 | N18: =SUMIFS(Pareado!$T$2:$T$65,Pareado!$F$2:$F$65,"Limpo",Pareado!$D$2:$D$65,"COT") -> 123 | O18: =IFERROR(N18/(N18+SUMIFS(Pareado!$U$2:$U$65,Pareado!$F$2:$F$65,"Limpo",Pareado!$D$2:$D$65,"COT",Pareado!$Y$2:$Y$65,"executa")),0) -> 0.88489209 | P18: =COUNTIFS(Pareado!$F$2:$F$65,"Limpo",Pareado!$D$2:$D$65,"COT",Pareado!$V$2:$V$65,1) -> 9 | Q18: =SUMIFS(Pareado!$W$2:$W$65,Pareado!$F$2:$F$65,"Limpo",Pareado!$D$2:$D$65,"COT") -> 18 | R18: =COUNTIFS(Pareado!$F$2:$F$65,"Limpo",Pareado!$D$2:$D$65,"COT",Pareado!$W$2:$W$65,3) -> 5 | S18: =COUNTIFS(Pareado!$F$2:$F$65,"Limpo",Pareado!$D$2:$D$65,"COT",Pareado!$Y$2:$Y$65,"<>executa") -> 1 | T18: =SUMIFS(Pareado!$AA$2:$AA$65,Pareado!$F$2:$F$65,"Limpo",Pareado!$D$2:$D$65,"COT") -> 7 | U18: =COUNTIFS(Pareado!$F$2:$F$65,"Limpo",Pareado!$D$2:$D$65,"COT",Pareado!$AF$2:$AF$65,"ChatGPT") -> 12 | V18: =COUNTIFS(Pareado!$F$2:$F$65,"Limpo",Pareado!$D$2:$D$65,"COT",Pareado!$AF$2:$AF$65,"empate") -> 0 | W18: =COUNTIFS(Pareado!$F$2:$F$65,"Limpo",Pareado!$D$2:$D$65,"COT",Pareado!$AF$2:$AF$65,"Gemini") -> 1 | X18: =COUNTIFS(Pareado!$F$2:$F$65,"Limpo",Pareado!$D$2:$D$65,"COT",Pareado!$AG$2:$AG$65,"ChatGPT") -> 2 | Y18: =COUNTIFS(Pareado!$F$2:$F$65,"Limpo",Pareado!$D$2:$D$65,"COT",Pareado!$AG$2:$AG$65,"empate") -> 8 | Z18: =COUNTIFS(Pareado!$F$2:$F$65,"Limpo",Pareado!$D$2:$D$65,"COT",Pareado!$AG$2:$AG$65,"Gemini") -> 3
A19: Limpo | B19: Todos | C19: Todas | D19: =COUNTIFS(Pareado!$F$2:$F$65,"Limpo") -> 39 | E19: =SUMIFS(Pareado!$I$2:$I$65,Pareado!$F$2:$F$65,"Limpo") -> 576 | F19: =SUMIFS(Pareado!$J$2:$J$65,Pareado!$F$2:$F$65,"Limpo") -> 529 | G19: =IFERROR(F19/(F19+SUMIFS(Pareado!$K$2:$K$65,Pareado!$F$2:$F$65,"Limpo",Pareado!$O$2:$O$65,"executa")),0) -> 0.9600726 | H19: =COUNTIFS(Pareado!$F$2:$F$65,"Limpo",Pareado!$L$2:$L$65,1) -> 26 | I19: =SUMIFS(Pareado!$M$2:$M$65,Pareado!$F$2:$F$65,"Limpo") -> 50 | J19: =COUNTIFS(Pareado!$F$2:$F$65,"Limpo",Pareado!$M$2:$M$65,3) -> 13 | K19: =COUNTIFS(Pareado!$F$2:$F$65,"Limpo",Pareado!$O$2:$O$65,"<>executa") -> 1 | L19: =COUNTIFS(Pareado!$F$2:$F$65,"Limpo",Pareado!$P$2:$P$65,"Sim") -> 3 | M19: =SUMIFS(Pareado!$S$2:$S$65,Pareado!$F$2:$F$65,"Limpo") -> 376 | N19: =SUMIFS(Pareado!$T$2:$T$65,Pareado!$F$2:$F$65,"Limpo") -> 342 | O19: =IFERROR(N19/(N19+SUMIFS(Pareado!$U$2:$U$65,Pareado!$F$2:$F$65,"Limpo",Pareado!$Y$2:$Y$65,"executa")),0) -> 0.93956044 | P19: =COUNTIFS(Pareado!$F$2:$F$65,"Limpo",Pareado!$V$2:$V$65,1) -> 31 | Q19: =SUMIFS(Pareado!$W$2:$W$65,Pareado!$F$2:$F$65,"Limpo") -> 39 | R19: =COUNTIFS(Pareado!$F$2:$F$65,"Limpo",Pareado!$W$2:$W$65,3) -> 10 | S19: =COUNTIFS(Pareado!$F$2:$F$65,"Limpo",Pareado!$Y$2:$Y$65,"<>executa") -> 2 | T19: =SUMIFS(Pareado!$AA$2:$AA$65,Pareado!$F$2:$F$65,"Limpo") -> 17 | U19: =COUNTIFS(Pareado!$F$2:$F$65,"Limpo",Pareado!$AF$2:$AF$65,"ChatGPT") -> 30 | V19: =COUNTIFS(Pareado!$F$2:$F$65,"Limpo",Pareado!$AF$2:$AF$65,"empate") -> 2 | W19: =COUNTIFS(Pareado!$F$2:$F$65,"Limpo",Pareado!$AF$2:$AF$65,"Gemini") -> 7 | X19: =COUNTIFS(Pareado!$F$2:$F$65,"Limpo",Pareado!$AG$2:$AG$65,"ChatGPT") -> 5 | Y19: =COUNTIFS(Pareado!$F$2:$F$65,"Limpo",Pareado!$AG$2:$AG$65,"empate") -> 25 | Z19: =COUNTIFS(Pareado!$F$2:$F$65,"Limpo",Pareado!$AG$2:$AG$65,"Gemini") -> 9
A21: Bug plantado | B21: Unitário | C21: ZS | D21: =COUNTIFS(Pareado!$F$2:$F$65,"Bug plantado",Pareado!$C$2:$C$65,"Unitário",Pareado!$D$2:$D$65,"ZS") -> 2 | E21: =SUMIFS(Pareado!$I$2:$I$65,Pareado!$F$2:$F$65,"Bug plantado",Pareado!$C$2:$C$65,"Unitário",Pareado!$D$2:$D$65,"ZS") -> 24 | F21: =SUMIFS(Pareado!$J$2:$J$65,Pareado!$F$2:$F$65,"Bug plantado",Pareado!$C$2:$C$65,"Unitário",Pareado!$D$2:$D$65,"ZS") -> 24 | G21: =IFERROR(F21/(F21+SUMIFS(Pareado!$K$2:$K$65,Pareado!$F$2:$F$65,"Bug plantado",Pareado!$C$2:$C$65,"Unitário",Pareado!$D$2:$D$65,"ZS",Pareado!$O$2:$O$65,"executa")),0) -> 1 | H21: =COUNTIFS(Pareado!$F$2:$F$65,"Bug plantado",Pareado!$C$2:$C$65,"Unitário",Pareado!$D$2:$D$65,"ZS",Pareado!$L$2:$L$65,1) -> 2 | I21: =SUMIFS(Pareado!$M$2:$M$65,Pareado!$F$2:$F$65,"Bug plantado",Pareado!$C$2:$C$65,"Unitário",Pareado!$D$2:$D$65,"ZS") -> 0 | J21: =COUNTIFS(Pareado!$F$2:$F$65,"Bug plantado",Pareado!$C$2:$C$65,"Unitário",Pareado!$D$2:$D$65,"ZS",Pareado!$M$2:$M$65,3) -> 0 | K21: =COUNTIFS(Pareado!$F$2:$F$65,"Bug plantado",Pareado!$C$2:$C$65,"Unitário",Pareado!$D$2:$D$65,"ZS",Pareado!$O$2:$O$65,"<>executa") -> 0 | L21: =COUNTIFS(Pareado!$F$2:$F$65,"Bug plantado",Pareado!$C$2:$C$65,"Unitário",Pareado!$D$2:$D$65,"ZS",Pareado!$P$2:$P$65,"Sim") -> 0 | M21: =SUMIFS(Pareado!$S$2:$S$65,Pareado!$F$2:$F$65,"Bug plantado",Pareado!$C$2:$C$65,"Unitário",Pareado!$D$2:$D$65,"ZS") -> 18 | N21: =SUMIFS(Pareado!$T$2:$T$65,Pareado!$F$2:$F$65,"Bug plantado",Pareado!$C$2:$C$65,"Unitário",Pareado!$D$2:$D$65,"ZS") -> 18 | O21: =IFERROR(N21/(N21+SUMIFS(Pareado!$U$2:$U$65,Pareado!$F$2:$F$65,"Bug plantado",Pareado!$C$2:$C$65,"Unitário",Pareado!$D$2:$D$65,"ZS",Pareado!$Y$2:$Y$65,"executa")),0) -> 1 | P21: =COUNTIFS(Pareado!$F$2:$F$65,"Bug plantado",Pareado!$C$2:$C$65,"Unitário",Pareado!$D$2:$D$65,"ZS",Pareado!$V$2:$V$65,1) -> 2 | Q21: =SUMIFS(Pareado!$W$2:$W$65,Pareado!$F$2:$F$65,"Bug plantado",Pareado!$C$2:$C$65,"Unitário",Pareado!$D$2:$D$65,"ZS") -> 0 | R21: =COUNTIFS(Pareado!$F$2:$F$65,"Bug plantado",Pareado!$C$2:$C$65,"Unitário",Pareado!$D$2:$D$65,"ZS",Pareado!$W$2:$W$65,3) -> 0 | S21: =COUNTIFS(Pareado!$F$2:$F$65,"Bug plantado",Pareado!$C$2:$C$65,"Unitário",Pareado!$D$2:$D$65,"ZS",Pareado!$Y$2:$Y$65,"<>executa") -> 0 | T21: =SUMIFS(Pareado!$AA$2:$AA$65,Pareado!$F$2:$F$65,"Bug plantado",Pareado!$C$2:$C$65,"Unitário",Pareado!$D$2:$D$65,"ZS") -> 0 | U21: =COUNTIFS(Pareado!$F$2:$F$65,"Bug plantado",Pareado!$C$2:$C$65,"Unitário",Pareado!$D$2:$D$65,"ZS",Pareado!$AF$2:$AF$65,"ChatGPT") -> 2 | V21: =COUNTIFS(Pareado!$F$2:$F$65,"Bug plantado",Pareado!$C$2:$C$65,"Unitário",Pareado!$D$2:$D$65,"ZS",Pareado!$AF$2:$AF$65,"empate") -> 0 | W21: =COUNTIFS(Pareado!$F$2:$F$65,"Bug plantado",Pareado!$C$2:$C$65,"Unitário",Pareado!$D$2:$D$65,"ZS",Pareado!$AF$2:$AF$65,"Gemini") -> 0 | X21: =COUNTIFS(Pareado!$F$2:$F$65,"Bug plantado",Pareado!$C$2:$C$65,"Unitário",Pareado!$D$2:$D$65,"ZS",Pareado!$AG$2:$AG$65,"ChatGPT") -> 0 | Y21: =COUNTIFS(Pareado!$F$2:$F$65,"Bug plantado",Pareado!$C$2:$C$65,"Unitário",Pareado!$D$2:$D$65,"ZS",Pareado!$AG$2:$AG$65,"empate") -> 2 | Z21: =COUNTIFS(Pareado!$F$2:$F$65,"Bug plantado",Pareado!$C$2:$C$65,"Unitário",Pareado!$D$2:$D$65,"ZS",Pareado!$AG$2:$AG$65,"Gemini") -> 0
A22: Bug plantado | B22: Unitário | C22: FS | D22: =COUNTIFS(Pareado!$F$2:$F$65,"Bug plantado",Pareado!$C$2:$C$65,"Unitário",Pareado!$D$2:$D$65,"FS") -> 2 | E22: =SUMIFS(Pareado!$I$2:$I$65,Pareado!$F$2:$F$65,"Bug plantado",Pareado!$C$2:$C$65,"Unitário",Pareado!$D$2:$D$65,"FS") -> 12 | F22: =SUMIFS(Pareado!$J$2:$J$65,Pareado!$F$2:$F$65,"Bug plantado",Pareado!$C$2:$C$65,"Unitário",Pareado!$D$2:$D$65,"FS") -> 11 | G22: =IFERROR(F22/(F22+SUMIFS(Pareado!$K$2:$K$65,Pareado!$F$2:$F$65,"Bug plantado",Pareado!$C$2:$C$65,"Unitário",Pareado!$D$2:$D$65,"FS",Pareado!$O$2:$O$65,"executa")),0) -> 0.91666667 | H22: =COUNTIFS(Pareado!$F$2:$F$65,"Bug plantado",Pareado!$C$2:$C$65,"Unitário",Pareado!$D$2:$D$65,"FS",Pareado!$L$2:$L$65,1) -> 1 | I22: =SUMIFS(Pareado!$M$2:$M$65,Pareado!$F$2:$F$65,"Bug plantado",Pareado!$C$2:$C$65,"Unitário",Pareado!$D$2:$D$65,"FS") -> 1 | J22: =COUNTIFS(Pareado!$F$2:$F$65,"Bug plantado",Pareado!$C$2:$C$65,"Unitário",Pareado!$D$2:$D$65,"FS",Pareado!$M$2:$M$65,3) -> 0 | K22: =COUNTIFS(Pareado!$F$2:$F$65,"Bug plantado",Pareado!$C$2:$C$65,"Unitário",Pareado!$D$2:$D$65,"FS",Pareado!$O$2:$O$65,"<>executa") -> 0 | L22: =COUNTIFS(Pareado!$F$2:$F$65,"Bug plantado",Pareado!$C$2:$C$65,"Unitário",Pareado!$D$2:$D$65,"FS",Pareado!$P$2:$P$65,"Sim") -> 0 | M22: =SUMIFS(Pareado!$S$2:$S$65,Pareado!$F$2:$F$65,"Bug plantado",Pareado!$C$2:$C$65,"Unitário",Pareado!$D$2:$D$65,"FS") -> 11 | N22: =SUMIFS(Pareado!$T$2:$T$65,Pareado!$F$2:$F$65,"Bug plantado",Pareado!$C$2:$C$65,"Unitário",Pareado!$D$2:$D$65,"FS") -> 11 | O22: =IFERROR(N22/(N22+SUMIFS(Pareado!$U$2:$U$65,Pareado!$F$2:$F$65,"Bug plantado",Pareado!$C$2:$C$65,"Unitário",Pareado!$D$2:$D$65,"FS",Pareado!$Y$2:$Y$65,"executa")),0) -> 1 | P22: =COUNTIFS(Pareado!$F$2:$F$65,"Bug plantado",Pareado!$C$2:$C$65,"Unitário",Pareado!$D$2:$D$65,"FS",Pareado!$V$2:$V$65,1) -> 2 | Q22: =SUMIFS(Pareado!$W$2:$W$65,Pareado!$F$2:$F$65,"Bug plantado",Pareado!$C$2:$C$65,"Unitário",Pareado!$D$2:$D$65,"FS") -> 0 | R22: =COUNTIFS(Pareado!$F$2:$F$65,"Bug plantado",Pareado!$C$2:$C$65,"Unitário",Pareado!$D$2:$D$65,"FS",Pareado!$W$2:$W$65,3) -> 0 | S22: =COUNTIFS(Pareado!$F$2:$F$65,"Bug plantado",Pareado!$C$2:$C$65,"Unitário",Pareado!$D$2:$D$65,"FS",Pareado!$Y$2:$Y$65,"<>executa") -> 0 | T22: =SUMIFS(Pareado!$AA$2:$AA$65,Pareado!$F$2:$F$65,"Bug plantado",Pareado!$C$2:$C$65,"Unitário",Pareado!$D$2:$D$65,"FS") -> 0 | U22: =COUNTIFS(Pareado!$F$2:$F$65,"Bug plantado",Pareado!$C$2:$C$65,"Unitário",Pareado!$D$2:$D$65,"FS",Pareado!$AF$2:$AF$65,"ChatGPT") -> 1 | V22: =COUNTIFS(Pareado!$F$2:$F$65,"Bug plantado",Pareado!$C$2:$C$65,"Unitário",Pareado!$D$2:$D$65,"FS",Pareado!$AF$2:$AF$65,"empate") -> 1 | W22: =COUNTIFS(Pareado!$F$2:$F$65,"Bug plantado",Pareado!$C$2:$C$65,"Unitário",Pareado!$D$2:$D$65,"FS",Pareado!$AF$2:$AF$65,"Gemini") -> 0 | X22: =COUNTIFS(Pareado!$F$2:$F$65,"Bug plantado",Pareado!$C$2:$C$65,"Unitário",Pareado!$D$2:$D$65,"FS",Pareado!$AG$2:$AG$65,"ChatGPT") -> 0 | Y22: =COUNTIFS(Pareado!$F$2:$F$65,"Bug plantado",Pareado!$C$2:$C$65,"Unitário",Pareado!$D$2:$D$65,"FS",Pareado!$AG$2:$AG$65,"empate") -> 1 | Z22: =COUNTIFS(Pareado!$F$2:$F$65,"Bug plantado",Pareado!$C$2:$C$65,"Unitário",Pareado!$D$2:$D$65,"FS",Pareado!$AG$2:$AG$65,"Gemini") -> 1
A23: Bug plantado | B23: Unitário | C23: COT | D23: =COUNTIFS(Pareado!$F$2:$F$65,"Bug plantado",Pareado!$C$2:$C$65,"Unitário",Pareado!$D$2:$D$65,"COT") -> 2 | E23: =SUMIFS(Pareado!$I$2:$I$65,Pareado!$F$2:$F$65,"Bug plantado",Pareado!$C$2:$C$65,"Unitário",Pareado!$D$2:$D$65,"COT") -> 26 | F23: =SUMIFS(Pareado!$J$2:$J$65,Pareado!$F$2:$F$65,"Bug plantado",Pareado!$C$2:$C$65,"Unitário",Pareado!$D$2:$D$65,"COT") -> 26 | G23: =IFERROR(F23/(F23+SUMIFS(Pareado!$K$2:$K$65,Pareado!$F$2:$F$65,"Bug plantado",Pareado!$C$2:$C$65,"Unitário",Pareado!$D$2:$D$65,"COT",Pareado!$O$2:$O$65,"executa")),0) -> 1 | H23: =COUNTIFS(Pareado!$F$2:$F$65,"Bug plantado",Pareado!$C$2:$C$65,"Unitário",Pareado!$D$2:$D$65,"COT",Pareado!$L$2:$L$65,1) -> 2 | I23: =SUMIFS(Pareado!$M$2:$M$65,Pareado!$F$2:$F$65,"Bug plantado",Pareado!$C$2:$C$65,"Unitário",Pareado!$D$2:$D$65,"COT") -> 0 | J23: =COUNTIFS(Pareado!$F$2:$F$65,"Bug plantado",Pareado!$C$2:$C$65,"Unitário",Pareado!$D$2:$D$65,"COT",Pareado!$M$2:$M$65,3) -> 0 | K23: =COUNTIFS(Pareado!$F$2:$F$65,"Bug plantado",Pareado!$C$2:$C$65,"Unitário",Pareado!$D$2:$D$65,"COT",Pareado!$O$2:$O$65,"<>executa") -> 0 | L23: =COUNTIFS(Pareado!$F$2:$F$65,"Bug plantado",Pareado!$C$2:$C$65,"Unitário",Pareado!$D$2:$D$65,"COT",Pareado!$P$2:$P$65,"Sim") -> 0 | M23: =SUMIFS(Pareado!$S$2:$S$65,Pareado!$F$2:$F$65,"Bug plantado",Pareado!$C$2:$C$65,"Unitário",Pareado!$D$2:$D$65,"COT") -> 18 | N23: =SUMIFS(Pareado!$T$2:$T$65,Pareado!$F$2:$F$65,"Bug plantado",Pareado!$C$2:$C$65,"Unitário",Pareado!$D$2:$D$65,"COT") -> 18 | O23: =IFERROR(N23/(N23+SUMIFS(Pareado!$U$2:$U$65,Pareado!$F$2:$F$65,"Bug plantado",Pareado!$C$2:$C$65,"Unitário",Pareado!$D$2:$D$65,"COT",Pareado!$Y$2:$Y$65,"executa")),0) -> 1 | P23: =COUNTIFS(Pareado!$F$2:$F$65,"Bug plantado",Pareado!$C$2:$C$65,"Unitário",Pareado!$D$2:$D$65,"COT",Pareado!$V$2:$V$65,1) -> 2 | Q23: =SUMIFS(Pareado!$W$2:$W$65,Pareado!$F$2:$F$65,"Bug plantado",Pareado!$C$2:$C$65,"Unitário",Pareado!$D$2:$D$65,"COT") -> 0 | R23: =COUNTIFS(Pareado!$F$2:$F$65,"Bug plantado",Pareado!$C$2:$C$65,"Unitário",Pareado!$D$2:$D$65,"COT",Pareado!$W$2:$W$65,3) -> 0 | S23: =COUNTIFS(Pareado!$F$2:$F$65,"Bug plantado",Pareado!$C$2:$C$65,"Unitário",Pareado!$D$2:$D$65,"COT",Pareado!$Y$2:$Y$65,"<>executa") -> 0 | T23: =SUMIFS(Pareado!$AA$2:$AA$65,Pareado!$F$2:$F$65,"Bug plantado",Pareado!$C$2:$C$65,"Unitário",Pareado!$D$2:$D$65,"COT") -> 1 | U23: =COUNTIFS(Pareado!$F$2:$F$65,"Bug plantado",Pareado!$C$2:$C$65,"Unitário",Pareado!$D$2:$D$65,"COT",Pareado!$AF$2:$AF$65,"ChatGPT") -> 2 | V23: =COUNTIFS(Pareado!$F$2:$F$65,"Bug plantado",Pareado!$C$2:$C$65,"Unitário",Pareado!$D$2:$D$65,"COT",Pareado!$AF$2:$AF$65,"empate") -> 0 | W23: =COUNTIFS(Pareado!$F$2:$F$65,"Bug plantado",Pareado!$C$2:$C$65,"Unitário",Pareado!$D$2:$D$65,"COT",Pareado!$AF$2:$AF$65,"Gemini") -> 0 | X23: =COUNTIFS(Pareado!$F$2:$F$65,"Bug plantado",Pareado!$C$2:$C$65,"Unitário",Pareado!$D$2:$D$65,"COT",Pareado!$AG$2:$AG$65,"ChatGPT") -> 0 | Y23: =COUNTIFS(Pareado!$F$2:$F$65,"Bug plantado",Pareado!$C$2:$C$65,"Unitário",Pareado!$D$2:$D$65,"COT",Pareado!$AG$2:$AG$65,"empate") -> 2 | Z23: =COUNTIFS(Pareado!$F$2:$F$65,"Bug plantado",Pareado!$C$2:$C$65,"Unitário",Pareado!$D$2:$D$65,"COT",Pareado!$AG$2:$AG$65,"Gemini") -> 0
A24: Bug plantado | B24: Unitário | C24: Todas | D24: =COUNTIFS(Pareado!$F$2:$F$65,"Bug plantado",Pareado!$C$2:$C$65,"Unitário") -> 6 | E24: =SUMIFS(Pareado!$I$2:$I$65,Pareado!$F$2:$F$65,"Bug plantado",Pareado!$C$2:$C$65,"Unitário") -> 62 | F24: =SUMIFS(Pareado!$J$2:$J$65,Pareado!$F$2:$F$65,"Bug plantado",Pareado!$C$2:$C$65,"Unitário") -> 61 | G24: =IFERROR(F24/(F24+SUMIFS(Pareado!$K$2:$K$65,Pareado!$F$2:$F$65,"Bug plantado",Pareado!$C$2:$C$65,"Unitário",Pareado!$O$2:$O$65,"executa")),0) -> 0.98387097 | H24: =COUNTIFS(Pareado!$F$2:$F$65,"Bug plantado",Pareado!$C$2:$C$65,"Unitário",Pareado!$L$2:$L$65,1) -> 5 | I24: =SUMIFS(Pareado!$M$2:$M$65,Pareado!$F$2:$F$65,"Bug plantado",Pareado!$C$2:$C$65,"Unitário") -> 1 | J24: =COUNTIFS(Pareado!$F$2:$F$65,"Bug plantado",Pareado!$C$2:$C$65,"Unitário",Pareado!$M$2:$M$65,3) -> 0 | K24: =COUNTIFS(Pareado!$F$2:$F$65,"Bug plantado",Pareado!$C$2:$C$65,"Unitário",Pareado!$O$2:$O$65,"<>executa") -> 0 | L24: =COUNTIFS(Pareado!$F$2:$F$65,"Bug plantado",Pareado!$C$2:$C$65,"Unitário",Pareado!$P$2:$P$65,"Sim") -> 0 | M24: =SUMIFS(Pareado!$S$2:$S$65,Pareado!$F$2:$F$65,"Bug plantado",Pareado!$C$2:$C$65,"Unitário") -> 47 | N24: =SUMIFS(Pareado!$T$2:$T$65,Pareado!$F$2:$F$65,"Bug plantado",Pareado!$C$2:$C$65,"Unitário") -> 47 | O24: =IFERROR(N24/(N24+SUMIFS(Pareado!$U$2:$U$65,Pareado!$F$2:$F$65,"Bug plantado",Pareado!$C$2:$C$65,"Unitário",Pareado!$Y$2:$Y$65,"executa")),0) -> 1 | P24: =COUNTIFS(Pareado!$F$2:$F$65,"Bug plantado",Pareado!$C$2:$C$65,"Unitário",Pareado!$V$2:$V$65,1) -> 6 | Q24: =SUMIFS(Pareado!$W$2:$W$65,Pareado!$F$2:$F$65,"Bug plantado",Pareado!$C$2:$C$65,"Unitário") -> 0 | R24: =COUNTIFS(Pareado!$F$2:$F$65,"Bug plantado",Pareado!$C$2:$C$65,"Unitário",Pareado!$W$2:$W$65,3) -> 0 | S24: =COUNTIFS(Pareado!$F$2:$F$65,"Bug plantado",Pareado!$C$2:$C$65,"Unitário",Pareado!$Y$2:$Y$65,"<>executa") -> 0 | T24: =SUMIFS(Pareado!$AA$2:$AA$65,Pareado!$F$2:$F$65,"Bug plantado",Pareado!$C$2:$C$65,"Unitário") -> 1 | U24: =COUNTIFS(Pareado!$F$2:$F$65,"Bug plantado",Pareado!$C$2:$C$65,"Unitário",Pareado!$AF$2:$AF$65,"ChatGPT") -> 5 | V24: =COUNTIFS(Pareado!$F$2:$F$65,"Bug plantado",Pareado!$C$2:$C$65,"Unitário",Pareado!$AF$2:$AF$65,"empate") -> 1 | W24: =COUNTIFS(Pareado!$F$2:$F$65,"Bug plantado",Pareado!$C$2:$C$65,"Unitário",Pareado!$AF$2:$AF$65,"Gemini") -> 0 | X24: =COUNTIFS(Pareado!$F$2:$F$65,"Bug plantado",Pareado!$C$2:$C$65,"Unitário",Pareado!$AG$2:$AG$65,"ChatGPT") -> 0 | Y24: =COUNTIFS(Pareado!$F$2:$F$65,"Bug plantado",Pareado!$C$2:$C$65,"Unitário",Pareado!$AG$2:$AG$65,"empate") -> 5 | Z24: =COUNTIFS(Pareado!$F$2:$F$65,"Bug plantado",Pareado!$C$2:$C$65,"Unitário",Pareado!$AG$2:$AG$65,"Gemini") -> 1
A25: Bug plantado | B25: Widget | C25: ZS | D25: =COUNTIFS(Pareado!$F$2:$F$65,"Bug plantado",Pareado!$C$2:$C$65,"Widget",Pareado!$D$2:$D$65,"ZS") -> 2 | E25: =SUMIFS(Pareado!$I$2:$I$65,Pareado!$F$2:$F$65,"Bug plantado",Pareado!$C$2:$C$65,"Widget",Pareado!$D$2:$D$65,"ZS") -> 28 | F25: =SUMIFS(Pareado!$J$2:$J$65,Pareado!$F$2:$F$65,"Bug plantado",Pareado!$C$2:$C$65,"Widget",Pareado!$D$2:$D$65,"ZS") -> 21 | G25: =IFERROR(F25/(F25+SUMIFS(Pareado!$K$2:$K$65,Pareado!$F$2:$F$65,"Bug plantado",Pareado!$C$2:$C$65,"Widget",Pareado!$D$2:$D$65,"ZS",Pareado!$O$2:$O$65,"executa")),0) -> 0.95454545 | H25: =COUNTIFS(Pareado!$F$2:$F$65,"Bug plantado",Pareado!$C$2:$C$65,"Widget",Pareado!$D$2:$D$65,"ZS",Pareado!$L$2:$L$65,1) -> 1 | I25: =SUMIFS(Pareado!$M$2:$M$65,Pareado!$F$2:$F$65,"Bug plantado",Pareado!$C$2:$C$65,"Widget",Pareado!$D$2:$D$65,"ZS") -> 3 | J25: =COUNTIFS(Pareado!$F$2:$F$65,"Bug plantado",Pareado!$C$2:$C$65,"Widget",Pareado!$D$2:$D$65,"ZS",Pareado!$M$2:$M$65,3) -> 1 | K25: =COUNTIFS(Pareado!$F$2:$F$65,"Bug plantado",Pareado!$C$2:$C$65,"Widget",Pareado!$D$2:$D$65,"ZS",Pareado!$O$2:$O$65,"<>executa") -> 0 | L25: =COUNTIFS(Pareado!$F$2:$F$65,"Bug plantado",Pareado!$C$2:$C$65,"Widget",Pareado!$D$2:$D$65,"ZS",Pareado!$P$2:$P$65,"Sim") -> 0 | M25: =SUMIFS(Pareado!$S$2:$S$65,Pareado!$F$2:$F$65,"Bug plantado",Pareado!$C$2:$C$65,"Widget",Pareado!$D$2:$D$65,"ZS") -> 16 | N25: =SUMIFS(Pareado!$T$2:$T$65,Pareado!$F$2:$F$65,"Bug plantado",Pareado!$C$2:$C$65,"Widget",Pareado!$D$2:$D$65,"ZS") -> 15 | O25: =IFERROR(N25/(N25+SUMIFS(Pareado!$U$2:$U$65,Pareado!$F$2:$F$65,"Bug plantado",Pareado!$C$2:$C$65,"Widget",Pareado!$D$2:$D$65,"ZS",Pareado!$Y$2:$Y$65,"executa")),0) -> 0.9375 | P25: =COUNTIFS(Pareado!$F$2:$F$65,"Bug plantado",Pareado!$C$2:$C$65,"Widget",Pareado!$D$2:$D$65,"ZS",Pareado!$V$2:$V$65,1) -> 1 | Q25: =SUMIFS(Pareado!$W$2:$W$65,Pareado!$F$2:$F$65,"Bug plantado",Pareado!$C$2:$C$65,"Widget",Pareado!$D$2:$D$65,"ZS") -> 2 | R25: =COUNTIFS(Pareado!$F$2:$F$65,"Bug plantado",Pareado!$C$2:$C$65,"Widget",Pareado!$D$2:$D$65,"ZS",Pareado!$W$2:$W$65,3) -> 0 | S25: =COUNTIFS(Pareado!$F$2:$F$65,"Bug plantado",Pareado!$C$2:$C$65,"Widget",Pareado!$D$2:$D$65,"ZS",Pareado!$Y$2:$Y$65,"<>executa") -> 0 | T25: =SUMIFS(Pareado!$AA$2:$AA$65,Pareado!$F$2:$F$65,"Bug plantado",Pareado!$C$2:$C$65,"Widget",Pareado!$D$2:$D$65,"ZS") -> 1 | U25: =COUNTIFS(Pareado!$F$2:$F$65,"Bug plantado",Pareado!$C$2:$C$65,"Widget",Pareado!$D$2:$D$65,"ZS",Pareado!$AF$2:$AF$65,"ChatGPT") -> 2 | V25: =COUNTIFS(Pareado!$F$2:$F$65,"Bug plantado",Pareado!$C$2:$C$65,"Widget",Pareado!$D$2:$D$65,"ZS",Pareado!$AF$2:$AF$65,"empate") -> 0 | W25: =COUNTIFS(Pareado!$F$2:$F$65,"Bug plantado",Pareado!$C$2:$C$65,"Widget",Pareado!$D$2:$D$65,"ZS",Pareado!$AF$2:$AF$65,"Gemini") -> 0 | X25: =COUNTIFS(Pareado!$F$2:$F$65,"Bug plantado",Pareado!$C$2:$C$65,"Widget",Pareado!$D$2:$D$65,"ZS",Pareado!$AG$2:$AG$65,"ChatGPT") -> 0 | Y25: =COUNTIFS(Pareado!$F$2:$F$65,"Bug plantado",Pareado!$C$2:$C$65,"Widget",Pareado!$D$2:$D$65,"ZS",Pareado!$AG$2:$AG$65,"empate") -> 1 | Z25: =COUNTIFS(Pareado!$F$2:$F$65,"Bug plantado",Pareado!$C$2:$C$65,"Widget",Pareado!$D$2:$D$65,"ZS",Pareado!$AG$2:$AG$65,"Gemini") -> 1
A26: Bug plantado | B26: Widget | C26: FS | D26: =COUNTIFS(Pareado!$F$2:$F$65,"Bug plantado",Pareado!$C$2:$C$65,"Widget",Pareado!$D$2:$D$65,"FS") -> 2 | E26: =SUMIFS(Pareado!$I$2:$I$65,Pareado!$F$2:$F$65,"Bug plantado",Pareado!$C$2:$C$65,"Widget",Pareado!$D$2:$D$65,"FS") -> 20 | F26: =SUMIFS(Pareado!$J$2:$J$65,Pareado!$F$2:$F$65,"Bug plantado",Pareado!$C$2:$C$65,"Widget",Pareado!$D$2:$D$65,"FS") -> 0 | G26: =IFERROR(F26/(F26+SUMIFS(Pareado!$K$2:$K$65,Pareado!$F$2:$F$65,"Bug plantado",Pareado!$C$2:$C$65,"Widget",Pareado!$D$2:$D$65,"FS",Pareado!$O$2:$O$65,"executa")),0) -> 0 | H26: =COUNTIFS(Pareado!$F$2:$F$65,"Bug plantado",Pareado!$C$2:$C$65,"Widget",Pareado!$D$2:$D$65,"FS",Pareado!$L$2:$L$65,1) -> 0 | I26: =SUMIFS(Pareado!$M$2:$M$65,Pareado!$F$2:$F$65,"Bug plantado",Pareado!$C$2:$C$65,"Widget",Pareado!$D$2:$D$65,"FS") -> 6 | J26: =COUNTIFS(Pareado!$F$2:$F$65,"Bug plantado",Pareado!$C$2:$C$65,"Widget",Pareado!$D$2:$D$65,"FS",Pareado!$M$2:$M$65,3) -> 2 | K26: =COUNTIFS(Pareado!$F$2:$F$65,"Bug plantado",Pareado!$C$2:$C$65,"Widget",Pareado!$D$2:$D$65,"FS",Pareado!$O$2:$O$65,"<>executa") -> 2 | L26: =COUNTIFS(Pareado!$F$2:$F$65,"Bug plantado",Pareado!$C$2:$C$65,"Widget",Pareado!$D$2:$D$65,"FS",Pareado!$P$2:$P$65,"Sim") -> 0 | M26: =SUMIFS(Pareado!$S$2:$S$65,Pareado!$F$2:$F$65,"Bug plantado",Pareado!$C$2:$C$65,"Widget",Pareado!$D$2:$D$65,"FS") -> 14 | N26: =SUMIFS(Pareado!$T$2:$T$65,Pareado!$F$2:$F$65,"Bug plantado",Pareado!$C$2:$C$65,"Widget",Pareado!$D$2:$D$65,"FS") -> 12 | O26: =IFERROR(N26/(N26+SUMIFS(Pareado!$U$2:$U$65,Pareado!$F$2:$F$65,"Bug plantado",Pareado!$C$2:$C$65,"Widget",Pareado!$D$2:$D$65,"FS",Pareado!$Y$2:$Y$65,"executa")),0) -> 0.85714286 | P26: =COUNTIFS(Pareado!$F$2:$F$65,"Bug plantado",Pareado!$C$2:$C$65,"Widget",Pareado!$D$2:$D$65,"FS",Pareado!$V$2:$V$65,1) -> 1 | Q26: =SUMIFS(Pareado!$W$2:$W$65,Pareado!$F$2:$F$65,"Bug plantado",Pareado!$C$2:$C$65,"Widget",Pareado!$D$2:$D$65,"FS") -> 5 | R26: =COUNTIFS(Pareado!$F$2:$F$65,"Bug plantado",Pareado!$C$2:$C$65,"Widget",Pareado!$D$2:$D$65,"FS",Pareado!$W$2:$W$65,3) -> 1 | S26: =COUNTIFS(Pareado!$F$2:$F$65,"Bug plantado",Pareado!$C$2:$C$65,"Widget",Pareado!$D$2:$D$65,"FS",Pareado!$Y$2:$Y$65,"<>executa") -> 0 | T26: =SUMIFS(Pareado!$AA$2:$AA$65,Pareado!$F$2:$F$65,"Bug plantado",Pareado!$C$2:$C$65,"Widget",Pareado!$D$2:$D$65,"FS") -> 0 | U26: =COUNTIFS(Pareado!$F$2:$F$65,"Bug plantado",Pareado!$C$2:$C$65,"Widget",Pareado!$D$2:$D$65,"FS",Pareado!$AF$2:$AF$65,"ChatGPT") -> 2 | V26: =COUNTIFS(Pareado!$F$2:$F$65,"Bug plantado",Pareado!$C$2:$C$65,"Widget",Pareado!$D$2:$D$65,"FS",Pareado!$AF$2:$AF$65,"empate") -> 0 | W26: =COUNTIFS(Pareado!$F$2:$F$65,"Bug plantado",Pareado!$C$2:$C$65,"Widget",Pareado!$D$2:$D$65,"FS",Pareado!$AF$2:$AF$65,"Gemini") -> 0 | X26: =COUNTIFS(Pareado!$F$2:$F$65,"Bug plantado",Pareado!$C$2:$C$65,"Widget",Pareado!$D$2:$D$65,"FS",Pareado!$AG$2:$AG$65,"ChatGPT") -> 0 | Y26: =COUNTIFS(Pareado!$F$2:$F$65,"Bug plantado",Pareado!$C$2:$C$65,"Widget",Pareado!$D$2:$D$65,"FS",Pareado!$AG$2:$AG$65,"empate") -> 0 | Z26: =COUNTIFS(Pareado!$F$2:$F$65,"Bug plantado",Pareado!$C$2:$C$65,"Widget",Pareado!$D$2:$D$65,"FS",Pareado!$AG$2:$AG$65,"Gemini") -> 2
A27: Bug plantado | B27: Widget | C27: COT | D27: =COUNTIFS(Pareado!$F$2:$F$65,"Bug plantado",Pareado!$C$2:$C$65,"Widget",Pareado!$D$2:$D$65,"COT") -> 2 | E27: =SUMIFS(Pareado!$I$2:$I$65,Pareado!$F$2:$F$65,"Bug plantado",Pareado!$C$2:$C$65,"Widget",Pareado!$D$2:$D$65,"COT") -> 42 | F27: =SUMIFS(Pareado!$J$2:$J$65,Pareado!$F$2:$F$65,"Bug plantado",Pareado!$C$2:$C$65,"Widget",Pareado!$D$2:$D$65,"COT") -> 20 | G27: =IFERROR(F27/(F27+SUMIFS(Pareado!$K$2:$K$65,Pareado!$F$2:$F$65,"Bug plantado",Pareado!$C$2:$C$65,"Widget",Pareado!$D$2:$D$65,"COT",Pareado!$O$2:$O$65,"executa")),0) -> 0.95238095 | H27: =COUNTIFS(Pareado!$F$2:$F$65,"Bug plantado",Pareado!$C$2:$C$65,"Widget",Pareado!$D$2:$D$65,"COT",Pareado!$L$2:$L$65,1) -> 0 | I27: =SUMIFS(Pareado!$M$2:$M$65,Pareado!$F$2:$F$65,"Bug plantado",Pareado!$C$2:$C$65,"Widget",Pareado!$D$2:$D$65,"COT") -> 6 | J27: =COUNTIFS(Pareado!$F$2:$F$65,"Bug plantado",Pareado!$C$2:$C$65,"Widget",Pareado!$D$2:$D$65,"COT",Pareado!$M$2:$M$65,3) -> 2 | K27: =COUNTIFS(Pareado!$F$2:$F$65,"Bug plantado",Pareado!$C$2:$C$65,"Widget",Pareado!$D$2:$D$65,"COT",Pareado!$O$2:$O$65,"<>executa") -> 1 | L27: =COUNTIFS(Pareado!$F$2:$F$65,"Bug plantado",Pareado!$C$2:$C$65,"Widget",Pareado!$D$2:$D$65,"COT",Pareado!$P$2:$P$65,"Sim") -> 0 | M27: =SUMIFS(Pareado!$S$2:$S$65,Pareado!$F$2:$F$65,"Bug plantado",Pareado!$C$2:$C$65,"Widget",Pareado!$D$2:$D$65,"COT") -> 19 | N27: =SUMIFS(Pareado!$T$2:$T$65,Pareado!$F$2:$F$65,"Bug plantado",Pareado!$C$2:$C$65,"Widget",Pareado!$D$2:$D$65,"COT") -> 18 | O27: =IFERROR(N27/(N27+SUMIFS(Pareado!$U$2:$U$65,Pareado!$F$2:$F$65,"Bug plantado",Pareado!$C$2:$C$65,"Widget",Pareado!$D$2:$D$65,"COT",Pareado!$Y$2:$Y$65,"executa")),0) -> 0.94736842 | P27: =COUNTIFS(Pareado!$F$2:$F$65,"Bug plantado",Pareado!$C$2:$C$65,"Widget",Pareado!$D$2:$D$65,"COT",Pareado!$V$2:$V$65,1) -> 1 | Q27: =SUMIFS(Pareado!$W$2:$W$65,Pareado!$F$2:$F$65,"Bug plantado",Pareado!$C$2:$C$65,"Widget",Pareado!$D$2:$D$65,"COT") -> 1 | R27: =COUNTIFS(Pareado!$F$2:$F$65,"Bug plantado",Pareado!$C$2:$C$65,"Widget",Pareado!$D$2:$D$65,"COT",Pareado!$W$2:$W$65,3) -> 0 | S27: =COUNTIFS(Pareado!$F$2:$F$65,"Bug plantado",Pareado!$C$2:$C$65,"Widget",Pareado!$D$2:$D$65,"COT",Pareado!$Y$2:$Y$65,"<>executa") -> 0 | T27: =SUMIFS(Pareado!$AA$2:$AA$65,Pareado!$F$2:$F$65,"Bug plantado",Pareado!$C$2:$C$65,"Widget",Pareado!$D$2:$D$65,"COT") -> 0 | U27: =COUNTIFS(Pareado!$F$2:$F$65,"Bug plantado",Pareado!$C$2:$C$65,"Widget",Pareado!$D$2:$D$65,"COT",Pareado!$AF$2:$AF$65,"ChatGPT") -> 2 | V27: =COUNTIFS(Pareado!$F$2:$F$65,"Bug plantado",Pareado!$C$2:$C$65,"Widget",Pareado!$D$2:$D$65,"COT",Pareado!$AF$2:$AF$65,"empate") -> 0 | W27: =COUNTIFS(Pareado!$F$2:$F$65,"Bug plantado",Pareado!$C$2:$C$65,"Widget",Pareado!$D$2:$D$65,"COT",Pareado!$AF$2:$AF$65,"Gemini") -> 0 | X27: =COUNTIFS(Pareado!$F$2:$F$65,"Bug plantado",Pareado!$C$2:$C$65,"Widget",Pareado!$D$2:$D$65,"COT",Pareado!$AG$2:$AG$65,"ChatGPT") -> 0 | Y27: =COUNTIFS(Pareado!$F$2:$F$65,"Bug plantado",Pareado!$C$2:$C$65,"Widget",Pareado!$D$2:$D$65,"COT",Pareado!$AG$2:$AG$65,"empate") -> 0 | Z27: =COUNTIFS(Pareado!$F$2:$F$65,"Bug plantado",Pareado!$C$2:$C$65,"Widget",Pareado!$D$2:$D$65,"COT",Pareado!$AG$2:$AG$65,"Gemini") -> 2
A28: Bug plantado | B28: Widget | C28: Todas | D28: =COUNTIFS(Pareado!$F$2:$F$65,"Bug plantado",Pareado!$C$2:$C$65,"Widget") -> 6 | E28: =SUMIFS(Pareado!$I$2:$I$65,Pareado!$F$2:$F$65,"Bug plantado",Pareado!$C$2:$C$65,"Widget") -> 90 | F28: =SUMIFS(Pareado!$J$2:$J$65,Pareado!$F$2:$F$65,"Bug plantado",Pareado!$C$2:$C$65,"Widget") -> 41 | G28: =IFERROR(F28/(F28+SUMIFS(Pareado!$K$2:$K$65,Pareado!$F$2:$F$65,"Bug plantado",Pareado!$C$2:$C$65,"Widget",Pareado!$O$2:$O$65,"executa")),0) -> 0.95348837 | H28: =COUNTIFS(Pareado!$F$2:$F$65,"Bug plantado",Pareado!$C$2:$C$65,"Widget",Pareado!$L$2:$L$65,1) -> 1 | I28: =SUMIFS(Pareado!$M$2:$M$65,Pareado!$F$2:$F$65,"Bug plantado",Pareado!$C$2:$C$65,"Widget") -> 15 | J28: =COUNTIFS(Pareado!$F$2:$F$65,"Bug plantado",Pareado!$C$2:$C$65,"Widget",Pareado!$M$2:$M$65,3) -> 5 | K28: =COUNTIFS(Pareado!$F$2:$F$65,"Bug plantado",Pareado!$C$2:$C$65,"Widget",Pareado!$O$2:$O$65,"<>executa") -> 3 | L28: =COUNTIFS(Pareado!$F$2:$F$65,"Bug plantado",Pareado!$C$2:$C$65,"Widget",Pareado!$P$2:$P$65,"Sim") -> 0 | M28: =SUMIFS(Pareado!$S$2:$S$65,Pareado!$F$2:$F$65,"Bug plantado",Pareado!$C$2:$C$65,"Widget") -> 49 | N28: =SUMIFS(Pareado!$T$2:$T$65,Pareado!$F$2:$F$65,"Bug plantado",Pareado!$C$2:$C$65,"Widget") -> 45 | O28: =IFERROR(N28/(N28+SUMIFS(Pareado!$U$2:$U$65,Pareado!$F$2:$F$65,"Bug plantado",Pareado!$C$2:$C$65,"Widget",Pareado!$Y$2:$Y$65,"executa")),0) -> 0.91836735 | P28: =COUNTIFS(Pareado!$F$2:$F$65,"Bug plantado",Pareado!$C$2:$C$65,"Widget",Pareado!$V$2:$V$65,1) -> 3 | Q28: =SUMIFS(Pareado!$W$2:$W$65,Pareado!$F$2:$F$65,"Bug plantado",Pareado!$C$2:$C$65,"Widget") -> 8 | R28: =COUNTIFS(Pareado!$F$2:$F$65,"Bug plantado",Pareado!$C$2:$C$65,"Widget",Pareado!$W$2:$W$65,3) -> 1 | S28: =COUNTIFS(Pareado!$F$2:$F$65,"Bug plantado",Pareado!$C$2:$C$65,"Widget",Pareado!$Y$2:$Y$65,"<>executa") -> 0 | T28: =SUMIFS(Pareado!$AA$2:$AA$65,Pareado!$F$2:$F$65,"Bug plantado",Pareado!$C$2:$C$65,"Widget") -> 1 | U28: =COUNTIFS(Pareado!$F$2:$F$65,"Bug plantado",Pareado!$C$2:$C$65,"Widget",Pareado!$AF$2:$AF$65,"ChatGPT") -> 6 | V28: =COUNTIFS(Pareado!$F$2:$F$65,"Bug plantado",Pareado!$C$2:$C$65,"Widget",Pareado!$AF$2:$AF$65,"empate") -> 0 | W28: =COUNTIFS(Pareado!$F$2:$F$65,"Bug plantado",Pareado!$C$2:$C$65,"Widget",Pareado!$AF$2:$AF$65,"Gemini") -> 0 | X28: =COUNTIFS(Pareado!$F$2:$F$65,"Bug plantado",Pareado!$C$2:$C$65,"Widget",Pareado!$AG$2:$AG$65,"ChatGPT") -> 0 | Y28: =COUNTIFS(Pareado!$F$2:$F$65,"Bug plantado",Pareado!$C$2:$C$65,"Widget",Pareado!$AG$2:$AG$65,"empate") -> 1 | Z28: =COUNTIFS(Pareado!$F$2:$F$65,"Bug plantado",Pareado!$C$2:$C$65,"Widget",Pareado!$AG$2:$AG$65,"Gemini") -> 5
A29: Bug plantado | B29: Integração | C29: ZS | D29: =COUNTIFS(Pareado!$F$2:$F$65,"Bug plantado",Pareado!$C$2:$C$65,"Integração",Pareado!$D$2:$D$65,"ZS") -> 2 | E29: =SUMIFS(Pareado!$I$2:$I$65,Pareado!$F$2:$F$65,"Bug plantado",Pareado!$C$2:$C$65,"Integração",Pareado!$D$2:$D$65,"ZS") -> 8 | F29: =SUMIFS(Pareado!$J$2:$J$65,Pareado!$F$2:$F$65,"Bug plantado",Pareado!$C$2:$C$65,"Integração",Pareado!$D$2:$D$65,"ZS") -> 3 | G29: =IFERROR(F29/(F29+SUMIFS(Pareado!$K$2:$K$65,Pareado!$F$2:$F$65,"Bug plantado",Pareado!$C$2:$C$65,"Integração",Pareado!$D$2:$D$65,"ZS",Pareado!$O$2:$O$65,"executa")),0) -> 0.375 | H29: =COUNTIFS(Pareado!$F$2:$F$65,"Bug plantado",Pareado!$C$2:$C$65,"Integração",Pareado!$D$2:$D$65,"ZS",Pareado!$L$2:$L$65,1) -> 1 | I29: =SUMIFS(Pareado!$M$2:$M$65,Pareado!$F$2:$F$65,"Bug plantado",Pareado!$C$2:$C$65,"Integração",Pareado!$D$2:$D$65,"ZS") -> 3 | J29: =COUNTIFS(Pareado!$F$2:$F$65,"Bug plantado",Pareado!$C$2:$C$65,"Integração",Pareado!$D$2:$D$65,"ZS",Pareado!$M$2:$M$65,3) -> 1 | K29: =COUNTIFS(Pareado!$F$2:$F$65,"Bug plantado",Pareado!$C$2:$C$65,"Integração",Pareado!$D$2:$D$65,"ZS",Pareado!$O$2:$O$65,"<>executa") -> 0 | L29: =COUNTIFS(Pareado!$F$2:$F$65,"Bug plantado",Pareado!$C$2:$C$65,"Integração",Pareado!$D$2:$D$65,"ZS",Pareado!$P$2:$P$65,"Sim") -> 0 | M29: =SUMIFS(Pareado!$S$2:$S$65,Pareado!$F$2:$F$65,"Bug plantado",Pareado!$C$2:$C$65,"Integração",Pareado!$D$2:$D$65,"ZS") -> 7 | N29: =SUMIFS(Pareado!$T$2:$T$65,Pareado!$F$2:$F$65,"Bug plantado",Pareado!$C$2:$C$65,"Integração",Pareado!$D$2:$D$65,"ZS") -> 3 | O29: =IFERROR(N29/(N29+SUMIFS(Pareado!$U$2:$U$65,Pareado!$F$2:$F$65,"Bug plantado",Pareado!$C$2:$C$65,"Integração",Pareado!$D$2:$D$65,"ZS",Pareado!$Y$2:$Y$65,"executa")),0) -> 0.42857143 | P29: =COUNTIFS(Pareado!$F$2:$F$65,"Bug plantado",Pareado!$C$2:$C$65,"Integração",Pareado!$D$2:$D$65,"ZS",Pareado!$V$2:$V$65,1) -> 1 | Q29: =SUMIFS(Pareado!$W$2:$W$65,Pareado!$F$2:$F$65,"Bug plantado",Pareado!$C$2:$C$65,"Integração",Pareado!$D$2:$D$65,"ZS") -> 4 | R29: =COUNTIFS(Pareado!$F$2:$F$65,"Bug plantado",Pareado!$C$2:$C$65,"Integração",Pareado!$D$2:$D$65,"ZS",Pareado!$W$2:$W$65,3) -> 1 | S29: =COUNTIFS(Pareado!$F$2:$F$65,"Bug plantado",Pareado!$C$2:$C$65,"Integração",Pareado!$D$2:$D$65,"ZS",Pareado!$Y$2:$Y$65,"<>executa") -> 0 | T29: =SUMIFS(Pareado!$AA$2:$AA$65,Pareado!$F$2:$F$65,"Bug plantado",Pareado!$C$2:$C$65,"Integração",Pareado!$D$2:$D$65,"ZS") -> 0 | U29: =COUNTIFS(Pareado!$F$2:$F$65,"Bug plantado",Pareado!$C$2:$C$65,"Integração",Pareado!$D$2:$D$65,"ZS",Pareado!$AF$2:$AF$65,"ChatGPT") -> 1 | V29: =COUNTIFS(Pareado!$F$2:$F$65,"Bug plantado",Pareado!$C$2:$C$65,"Integração",Pareado!$D$2:$D$65,"ZS",Pareado!$AF$2:$AF$65,"empate") -> 1 | W29: =COUNTIFS(Pareado!$F$2:$F$65,"Bug plantado",Pareado!$C$2:$C$65,"Integração",Pareado!$D$2:$D$65,"ZS",Pareado!$AF$2:$AF$65,"Gemini") -> 0 | X29: =COUNTIFS(Pareado!$F$2:$F$65,"Bug plantado",Pareado!$C$2:$C$65,"Integração",Pareado!$D$2:$D$65,"ZS",Pareado!$AG$2:$AG$65,"ChatGPT") -> 0 | Y29: =COUNTIFS(Pareado!$F$2:$F$65,"Bug plantado",Pareado!$C$2:$C$65,"Integração",Pareado!$D$2:$D$65,"ZS",Pareado!$AG$2:$AG$65,"empate") -> 1 | Z29: =COUNTIFS(Pareado!$F$2:$F$65,"Bug plantado",Pareado!$C$2:$C$65,"Integração",Pareado!$D$2:$D$65,"ZS",Pareado!$AG$2:$AG$65,"Gemini") -> 1
A30: Bug plantado | B30: Integração | C30: FS | D30: =COUNTIFS(Pareado!$F$2:$F$65,"Bug plantado",Pareado!$C$2:$C$65,"Integração",Pareado!$D$2:$D$65,"FS") -> 2 | E30: =SUMIFS(Pareado!$I$2:$I$65,Pareado!$F$2:$F$65,"Bug plantado",Pareado!$C$2:$C$65,"Integração",Pareado!$D$2:$D$65,"FS") -> 5 | F30: =SUMIFS(Pareado!$J$2:$J$65,Pareado!$F$2:$F$65,"Bug plantado",Pareado!$C$2:$C$65,"Integração",Pareado!$D$2:$D$65,"FS") -> 2 | G30: =IFERROR(F30/(F30+SUMIFS(Pareado!$K$2:$K$65,Pareado!$F$2:$F$65,"Bug plantado",Pareado!$C$2:$C$65,"Integração",Pareado!$D$2:$D$65,"FS",Pareado!$O$2:$O$65,"executa")),0) -> 0.66666667 | H30: =COUNTIFS(Pareado!$F$2:$F$65,"Bug plantado",Pareado!$C$2:$C$65,"Integração",Pareado!$D$2:$D$65,"FS",Pareado!$L$2:$L$65,1) -> 0 | I30: =SUMIFS(Pareado!$M$2:$M$65,Pareado!$F$2:$F$65,"Bug plantado",Pareado!$C$2:$C$65,"Integração",Pareado!$D$2:$D$65,"FS") -> 6 | J30: =COUNTIFS(Pareado!$F$2:$F$65,"Bug plantado",Pareado!$C$2:$C$65,"Integração",Pareado!$D$2:$D$65,"FS",Pareado!$M$2:$M$65,3) -> 2 | K30: =COUNTIFS(Pareado!$F$2:$F$65,"Bug plantado",Pareado!$C$2:$C$65,"Integração",Pareado!$D$2:$D$65,"FS",Pareado!$O$2:$O$65,"<>executa") -> 1 | L30: =COUNTIFS(Pareado!$F$2:$F$65,"Bug plantado",Pareado!$C$2:$C$65,"Integração",Pareado!$D$2:$D$65,"FS",Pareado!$P$2:$P$65,"Sim") -> 0 | M30: =SUMIFS(Pareado!$S$2:$S$65,Pareado!$F$2:$F$65,"Bug plantado",Pareado!$C$2:$C$65,"Integração",Pareado!$D$2:$D$65,"FS") -> 6 | N30: =SUMIFS(Pareado!$T$2:$T$65,Pareado!$F$2:$F$65,"Bug plantado",Pareado!$C$2:$C$65,"Integração",Pareado!$D$2:$D$65,"FS") -> 1 | O30: =IFERROR(N30/(N30+SUMIFS(Pareado!$U$2:$U$65,Pareado!$F$2:$F$65,"Bug plantado",Pareado!$C$2:$C$65,"Integração",Pareado!$D$2:$D$65,"FS",Pareado!$Y$2:$Y$65,"executa")),0) -> 0.25 | P30: =COUNTIFS(Pareado!$F$2:$F$65,"Bug plantado",Pareado!$C$2:$C$65,"Integração",Pareado!$D$2:$D$65,"FS",Pareado!$V$2:$V$65,1) -> 0 | Q30: =SUMIFS(Pareado!$W$2:$W$65,Pareado!$F$2:$F$65,"Bug plantado",Pareado!$C$2:$C$65,"Integração",Pareado!$D$2:$D$65,"FS") -> 5 | R30: =COUNTIFS(Pareado!$F$2:$F$65,"Bug plantado",Pareado!$C$2:$C$65,"Integração",Pareado!$D$2:$D$65,"FS",Pareado!$W$2:$W$65,3) -> 1 | S30: =COUNTIFS(Pareado!$F$2:$F$65,"Bug plantado",Pareado!$C$2:$C$65,"Integração",Pareado!$D$2:$D$65,"FS",Pareado!$Y$2:$Y$65,"<>executa") -> 1 | T30: =SUMIFS(Pareado!$AA$2:$AA$65,Pareado!$F$2:$F$65,"Bug plantado",Pareado!$C$2:$C$65,"Integração",Pareado!$D$2:$D$65,"FS") -> 0 | U30: =COUNTIFS(Pareado!$F$2:$F$65,"Bug plantado",Pareado!$C$2:$C$65,"Integração",Pareado!$D$2:$D$65,"FS",Pareado!$AF$2:$AF$65,"ChatGPT") -> 0 | V30: =COUNTIFS(Pareado!$F$2:$F$65,"Bug plantado",Pareado!$C$2:$C$65,"Integração",Pareado!$D$2:$D$65,"FS",Pareado!$AF$2:$AF$65,"empate") -> 1 | W30: =COUNTIFS(Pareado!$F$2:$F$65,"Bug plantado",Pareado!$C$2:$C$65,"Integração",Pareado!$D$2:$D$65,"FS",Pareado!$AF$2:$AF$65,"Gemini") -> 1 | X30: =COUNTIFS(Pareado!$F$2:$F$65,"Bug plantado",Pareado!$C$2:$C$65,"Integração",Pareado!$D$2:$D$65,"FS",Pareado!$AG$2:$AG$65,"ChatGPT") -> 1 | Y30: =COUNTIFS(Pareado!$F$2:$F$65,"Bug plantado",Pareado!$C$2:$C$65,"Integração",Pareado!$D$2:$D$65,"FS",Pareado!$AG$2:$AG$65,"empate") -> 1 | Z30: =COUNTIFS(Pareado!$F$2:$F$65,"Bug plantado",Pareado!$C$2:$C$65,"Integração",Pareado!$D$2:$D$65,"FS",Pareado!$AG$2:$AG$65,"Gemini") -> 0
A31: Bug plantado | B31: Integração | C31: COT | D31: =COUNTIFS(Pareado!$F$2:$F$65,"Bug plantado",Pareado!$C$2:$C$65,"Integração",Pareado!$D$2:$D$65,"COT") -> 2 | E31: =SUMIFS(Pareado!$I$2:$I$65,Pareado!$F$2:$F$65,"Bug plantado",Pareado!$C$2:$C$65,"Integração",Pareado!$D$2:$D$65,"COT") -> 18 | F31: =SUMIFS(Pareado!$J$2:$J$65,Pareado!$F$2:$F$65,"Bug plantado",Pareado!$C$2:$C$65,"Integração",Pareado!$D$2:$D$65,"COT") -> 6 | G31: =IFERROR(F31/(F31+SUMIFS(Pareado!$K$2:$K$65,Pareado!$F$2:$F$65,"Bug plantado",Pareado!$C$2:$C$65,"Integração",Pareado!$D$2:$D$65,"COT",Pareado!$O$2:$O$65,"executa")),0) -> 0.33333333 | H31: =COUNTIFS(Pareado!$F$2:$F$65,"Bug plantado",Pareado!$C$2:$C$65,"Integração",Pareado!$D$2:$D$65,"COT",Pareado!$L$2:$L$65,1) -> 1 | I31: =SUMIFS(Pareado!$M$2:$M$65,Pareado!$F$2:$F$65,"Bug plantado",Pareado!$C$2:$C$65,"Integração",Pareado!$D$2:$D$65,"COT") -> 3 | J31: =COUNTIFS(Pareado!$F$2:$F$65,"Bug plantado",Pareado!$C$2:$C$65,"Integração",Pareado!$D$2:$D$65,"COT",Pareado!$M$2:$M$65,3) -> 1 | K31: =COUNTIFS(Pareado!$F$2:$F$65,"Bug plantado",Pareado!$C$2:$C$65,"Integração",Pareado!$D$2:$D$65,"COT",Pareado!$O$2:$O$65,"<>executa") -> 0 | L31: =COUNTIFS(Pareado!$F$2:$F$65,"Bug plantado",Pareado!$C$2:$C$65,"Integração",Pareado!$D$2:$D$65,"COT",Pareado!$P$2:$P$65,"Sim") -> 0 | M31: =SUMIFS(Pareado!$S$2:$S$65,Pareado!$F$2:$F$65,"Bug plantado",Pareado!$C$2:$C$65,"Integração",Pareado!$D$2:$D$65,"COT") -> 10 | N31: =SUMIFS(Pareado!$T$2:$T$65,Pareado!$F$2:$F$65,"Bug plantado",Pareado!$C$2:$C$65,"Integração",Pareado!$D$2:$D$65,"COT") -> 6 | O31: =IFERROR(N31/(N31+SUMIFS(Pareado!$U$2:$U$65,Pareado!$F$2:$F$65,"Bug plantado",Pareado!$C$2:$C$65,"Integração",Pareado!$D$2:$D$65,"COT",Pareado!$Y$2:$Y$65,"executa")),0) -> 0.6 | P31: =COUNTIFS(Pareado!$F$2:$F$65,"Bug plantado",Pareado!$C$2:$C$65,"Integração",Pareado!$D$2:$D$65,"COT",Pareado!$V$2:$V$65,1) -> 1 | Q31: =SUMIFS(Pareado!$W$2:$W$65,Pareado!$F$2:$F$65,"Bug plantado",Pareado!$C$2:$C$65,"Integração",Pareado!$D$2:$D$65,"COT") -> 4 | R31: =COUNTIFS(Pareado!$F$2:$F$65,"Bug plantado",Pareado!$C$2:$C$65,"Integração",Pareado!$D$2:$D$65,"COT",Pareado!$W$2:$W$65,3) -> 1 | S31: =COUNTIFS(Pareado!$F$2:$F$65,"Bug plantado",Pareado!$C$2:$C$65,"Integração",Pareado!$D$2:$D$65,"COT",Pareado!$Y$2:$Y$65,"<>executa") -> 0 | T31: =SUMIFS(Pareado!$AA$2:$AA$65,Pareado!$F$2:$F$65,"Bug plantado",Pareado!$C$2:$C$65,"Integração",Pareado!$D$2:$D$65,"COT") -> 0 | U31: =COUNTIFS(Pareado!$F$2:$F$65,"Bug plantado",Pareado!$C$2:$C$65,"Integração",Pareado!$D$2:$D$65,"COT",Pareado!$AF$2:$AF$65,"ChatGPT") -> 1 | V31: =COUNTIFS(Pareado!$F$2:$F$65,"Bug plantado",Pareado!$C$2:$C$65,"Integração",Pareado!$D$2:$D$65,"COT",Pareado!$AF$2:$AF$65,"empate") -> 1 | W31: =COUNTIFS(Pareado!$F$2:$F$65,"Bug plantado",Pareado!$C$2:$C$65,"Integração",Pareado!$D$2:$D$65,"COT",Pareado!$AF$2:$AF$65,"Gemini") -> 0 | X31: =COUNTIFS(Pareado!$F$2:$F$65,"Bug plantado",Pareado!$C$2:$C$65,"Integração",Pareado!$D$2:$D$65,"COT",Pareado!$AG$2:$AG$65,"ChatGPT") -> 0 | Y31: =COUNTIFS(Pareado!$F$2:$F$65,"Bug plantado",Pareado!$C$2:$C$65,"Integração",Pareado!$D$2:$D$65,"COT",Pareado!$AG$2:$AG$65,"empate") -> 1 | Z31: =COUNTIFS(Pareado!$F$2:$F$65,"Bug plantado",Pareado!$C$2:$C$65,"Integração",Pareado!$D$2:$D$65,"COT",Pareado!$AG$2:$AG$65,"Gemini") -> 1
A32: Bug plantado | B32: Integração | C32: Todas | D32: =COUNTIFS(Pareado!$F$2:$F$65,"Bug plantado",Pareado!$C$2:$C$65,"Integração") -> 6 | E32: =SUMIFS(Pareado!$I$2:$I$65,Pareado!$F$2:$F$65,"Bug plantado",Pareado!$C$2:$C$65,"Integração") -> 31 | F32: =SUMIFS(Pareado!$J$2:$J$65,Pareado!$F$2:$F$65,"Bug plantado",Pareado!$C$2:$C$65,"Integração") -> 11 | G32: =IFERROR(F32/(F32+SUMIFS(Pareado!$K$2:$K$65,Pareado!$F$2:$F$65,"Bug plantado",Pareado!$C$2:$C$65,"Integração",Pareado!$O$2:$O$65,"executa")),0) -> 0.37931034 | H32: =COUNTIFS(Pareado!$F$2:$F$65,"Bug plantado",Pareado!$C$2:$C$65,"Integração",Pareado!$L$2:$L$65,1) -> 2 | I32: =SUMIFS(Pareado!$M$2:$M$65,Pareado!$F$2:$F$65,"Bug plantado",Pareado!$C$2:$C$65,"Integração") -> 12 | J32: =COUNTIFS(Pareado!$F$2:$F$65,"Bug plantado",Pareado!$C$2:$C$65,"Integração",Pareado!$M$2:$M$65,3) -> 4 | K32: =COUNTIFS(Pareado!$F$2:$F$65,"Bug plantado",Pareado!$C$2:$C$65,"Integração",Pareado!$O$2:$O$65,"<>executa") -> 1 | L32: =COUNTIFS(Pareado!$F$2:$F$65,"Bug plantado",Pareado!$C$2:$C$65,"Integração",Pareado!$P$2:$P$65,"Sim") -> 0 | M32: =SUMIFS(Pareado!$S$2:$S$65,Pareado!$F$2:$F$65,"Bug plantado",Pareado!$C$2:$C$65,"Integração") -> 23 | N32: =SUMIFS(Pareado!$T$2:$T$65,Pareado!$F$2:$F$65,"Bug plantado",Pareado!$C$2:$C$65,"Integração") -> 10 | O32: =IFERROR(N32/(N32+SUMIFS(Pareado!$U$2:$U$65,Pareado!$F$2:$F$65,"Bug plantado",Pareado!$C$2:$C$65,"Integração",Pareado!$Y$2:$Y$65,"executa")),0) -> 0.47619048 | P32: =COUNTIFS(Pareado!$F$2:$F$65,"Bug plantado",Pareado!$C$2:$C$65,"Integração",Pareado!$V$2:$V$65,1) -> 2 | Q32: =SUMIFS(Pareado!$W$2:$W$65,Pareado!$F$2:$F$65,"Bug plantado",Pareado!$C$2:$C$65,"Integração") -> 13 | R32: =COUNTIFS(Pareado!$F$2:$F$65,"Bug plantado",Pareado!$C$2:$C$65,"Integração",Pareado!$W$2:$W$65,3) -> 3 | S32: =COUNTIFS(Pareado!$F$2:$F$65,"Bug plantado",Pareado!$C$2:$C$65,"Integração",Pareado!$Y$2:$Y$65,"<>executa") -> 1 | T32: =SUMIFS(Pareado!$AA$2:$AA$65,Pareado!$F$2:$F$65,"Bug plantado",Pareado!$C$2:$C$65,"Integração") -> 0 | U32: =COUNTIFS(Pareado!$F$2:$F$65,"Bug plantado",Pareado!$C$2:$C$65,"Integração",Pareado!$AF$2:$AF$65,"ChatGPT") -> 2 | V32: =COUNTIFS(Pareado!$F$2:$F$65,"Bug plantado",Pareado!$C$2:$C$65,"Integração",Pareado!$AF$2:$AF$65,"empate") -> 3 | W32: =COUNTIFS(Pareado!$F$2:$F$65,"Bug plantado",Pareado!$C$2:$C$65,"Integração",Pareado!$AF$2:$AF$65,"Gemini") -> 1 | X32: =COUNTIFS(Pareado!$F$2:$F$65,"Bug plantado",Pareado!$C$2:$C$65,"Integração",Pareado!$AG$2:$AG$65,"ChatGPT") -> 1 | Y32: =COUNTIFS(Pareado!$F$2:$F$65,"Bug plantado",Pareado!$C$2:$C$65,"Integração",Pareado!$AG$2:$AG$65,"empate") -> 3 | Z32: =COUNTIFS(Pareado!$F$2:$F$65,"Bug plantado",Pareado!$C$2:$C$65,"Integração",Pareado!$AG$2:$AG$65,"Gemini") -> 2
A33: Bug plantado | B33: Todos | C33: ZS | D33: =COUNTIFS(Pareado!$F$2:$F$65,"Bug plantado",Pareado!$D$2:$D$65,"ZS") -> 6 | E33: =SUMIFS(Pareado!$I$2:$I$65,Pareado!$F$2:$F$65,"Bug plantado",Pareado!$D$2:$D$65,"ZS") -> 60 | F33: =SUMIFS(Pareado!$J$2:$J$65,Pareado!$F$2:$F$65,"Bug plantado",Pareado!$D$2:$D$65,"ZS") -> 48 | G33: =IFERROR(F33/(F33+SUMIFS(Pareado!$K$2:$K$65,Pareado!$F$2:$F$65,"Bug plantado",Pareado!$D$2:$D$65,"ZS",Pareado!$O$2:$O$65,"executa")),0) -> 0.88888889 | H33: =COUNTIFS(Pareado!$F$2:$F$65,"Bug plantado",Pareado!$D$2:$D$65,"ZS",Pareado!$L$2:$L$65,1) -> 4 | I33: =SUMIFS(Pareado!$M$2:$M$65,Pareado!$F$2:$F$65,"Bug plantado",Pareado!$D$2:$D$65,"ZS") -> 6 | J33: =COUNTIFS(Pareado!$F$2:$F$65,"Bug plantado",Pareado!$D$2:$D$65,"ZS",Pareado!$M$2:$M$65,3) -> 2 | K33: =COUNTIFS(Pareado!$F$2:$F$65,"Bug plantado",Pareado!$D$2:$D$65,"ZS",Pareado!$O$2:$O$65,"<>executa") -> 0 | L33: =COUNTIFS(Pareado!$F$2:$F$65,"Bug plantado",Pareado!$D$2:$D$65,"ZS",Pareado!$P$2:$P$65,"Sim") -> 0 | M33: =SUMIFS(Pareado!$S$2:$S$65,Pareado!$F$2:$F$65,"Bug plantado",Pareado!$D$2:$D$65,"ZS") -> 41 | N33: =SUMIFS(Pareado!$T$2:$T$65,Pareado!$F$2:$F$65,"Bug plantado",Pareado!$D$2:$D$65,"ZS") -> 36 | O33: =IFERROR(N33/(N33+SUMIFS(Pareado!$U$2:$U$65,Pareado!$F$2:$F$65,"Bug plantado",Pareado!$D$2:$D$65,"ZS",Pareado!$Y$2:$Y$65,"executa")),0) -> 0.87804878 | P33: =COUNTIFS(Pareado!$F$2:$F$65,"Bug plantado",Pareado!$D$2:$D$65,"ZS",Pareado!$V$2:$V$65,1) -> 4 | Q33: =SUMIFS(Pareado!$W$2:$W$65,Pareado!$F$2:$F$65,"Bug plantado",Pareado!$D$2:$D$65,"ZS") -> 6 | R33: =COUNTIFS(Pareado!$F$2:$F$65,"Bug plantado",Pareado!$D$2:$D$65,"ZS",Pareado!$W$2:$W$65,3) -> 1 | S33: =COUNTIFS(Pareado!$F$2:$F$65,"Bug plantado",Pareado!$D$2:$D$65,"ZS",Pareado!$Y$2:$Y$65,"<>executa") -> 0 | T33: =SUMIFS(Pareado!$AA$2:$AA$65,Pareado!$F$2:$F$65,"Bug plantado",Pareado!$D$2:$D$65,"ZS") -> 1 | U33: =COUNTIFS(Pareado!$F$2:$F$65,"Bug plantado",Pareado!$D$2:$D$65,"ZS",Pareado!$AF$2:$AF$65,"ChatGPT") -> 5 | V33: =COUNTIFS(Pareado!$F$2:$F$65,"Bug plantado",Pareado!$D$2:$D$65,"ZS",Pareado!$AF$2:$AF$65,"empate") -> 1 | W33: =COUNTIFS(Pareado!$F$2:$F$65,"Bug plantado",Pareado!$D$2:$D$65,"ZS",Pareado!$AF$2:$AF$65,"Gemini") -> 0 | X33: =COUNTIFS(Pareado!$F$2:$F$65,"Bug plantado",Pareado!$D$2:$D$65,"ZS",Pareado!$AG$2:$AG$65,"ChatGPT") -> 0 | Y33: =COUNTIFS(Pareado!$F$2:$F$65,"Bug plantado",Pareado!$D$2:$D$65,"ZS",Pareado!$AG$2:$AG$65,"empate") -> 4 | Z33: =COUNTIFS(Pareado!$F$2:$F$65,"Bug plantado",Pareado!$D$2:$D$65,"ZS",Pareado!$AG$2:$AG$65,"Gemini") -> 2
A34: Bug plantado | B34: Todos | C34: FS | D34: =COUNTIFS(Pareado!$F$2:$F$65,"Bug plantado",Pareado!$D$2:$D$65,"FS") -> 6 | E34: =SUMIFS(Pareado!$I$2:$I$65,Pareado!$F$2:$F$65,"Bug plantado",Pareado!$D$2:$D$65,"FS") -> 37 | F34: =SUMIFS(Pareado!$J$2:$J$65,Pareado!$F$2:$F$65,"Bug plantado",Pareado!$D$2:$D$65,"FS") -> 13 | G34: =IFERROR(F34/(F34+SUMIFS(Pareado!$K$2:$K$65,Pareado!$F$2:$F$65,"Bug plantado",Pareado!$D$2:$D$65,"FS",Pareado!$O$2:$O$65,"executa")),0) -> 0.86666667 | H34: =COUNTIFS(Pareado!$F$2:$F$65,"Bug plantado",Pareado!$D$2:$D$65,"FS",Pareado!$L$2:$L$65,1) -> 1 | I34: =SUMIFS(Pareado!$M$2:$M$65,Pareado!$F$2:$F$65,"Bug plantado",Pareado!$D$2:$D$65,"FS") -> 13 | J34: =COUNTIFS(Pareado!$F$2:$F$65,"Bug plantado",Pareado!$D$2:$D$65,"FS",Pareado!$M$2:$M$65,3) -> 4 | K34: =COUNTIFS(Pareado!$F$2:$F$65,"Bug plantado",Pareado!$D$2:$D$65,"FS",Pareado!$O$2:$O$65,"<>executa") -> 3 | L34: =COUNTIFS(Pareado!$F$2:$F$65,"Bug plantado",Pareado!$D$2:$D$65,"FS",Pareado!$P$2:$P$65,"Sim") -> 0 | M34: =SUMIFS(Pareado!$S$2:$S$65,Pareado!$F$2:$F$65,"Bug plantado",Pareado!$D$2:$D$65,"FS") -> 31 | N34: =SUMIFS(Pareado!$T$2:$T$65,Pareado!$F$2:$F$65,"Bug plantado",Pareado!$D$2:$D$65,"FS") -> 24 | O34: =IFERROR(N34/(N34+SUMIFS(Pareado!$U$2:$U$65,Pareado!$F$2:$F$65,"Bug plantado",Pareado!$D$2:$D$65,"FS",Pareado!$Y$2:$Y$65,"executa")),0) -> 0.82758621 | P34: =COUNTIFS(Pareado!$F$2:$F$65,"Bug plantado",Pareado!$D$2:$D$65,"FS",Pareado!$V$2:$V$65,1) -> 3 | Q34: =SUMIFS(Pareado!$W$2:$W$65,Pareado!$F$2:$F$65,"Bug plantado",Pareado!$D$2:$D$65,"FS") -> 10 | R34: =COUNTIFS(Pareado!$F$2:$F$65,"Bug plantado",Pareado!$D$2:$D$65,"FS",Pareado!$W$2:$W$65,3) -> 2 | S34: =COUNTIFS(Pareado!$F$2:$F$65,"Bug plantado",Pareado!$D$2:$D$65,"FS",Pareado!$Y$2:$Y$65,"<>executa") -> 1 | T34: =SUMIFS(Pareado!$AA$2:$AA$65,Pareado!$F$2:$F$65,"Bug plantado",Pareado!$D$2:$D$65,"FS") -> 0 | U34: =COUNTIFS(Pareado!$F$2:$F$65,"Bug plantado",Pareado!$D$2:$D$65,"FS",Pareado!$AF$2:$AF$65,"ChatGPT") -> 3 | V34: =COUNTIFS(Pareado!$F$2:$F$65,"Bug plantado",Pareado!$D$2:$D$65,"FS",Pareado!$AF$2:$AF$65,"empate") -> 2 | W34: =COUNTIFS(Pareado!$F$2:$F$65,"Bug plantado",Pareado!$D$2:$D$65,"FS",Pareado!$AF$2:$AF$65,"Gemini") -> 1 | X34: =COUNTIFS(Pareado!$F$2:$F$65,"Bug plantado",Pareado!$D$2:$D$65,"FS",Pareado!$AG$2:$AG$65,"ChatGPT") -> 1 | Y34: =COUNTIFS(Pareado!$F$2:$F$65,"Bug plantado",Pareado!$D$2:$D$65,"FS",Pareado!$AG$2:$AG$65,"empate") -> 2 | Z34: =COUNTIFS(Pareado!$F$2:$F$65,"Bug plantado",Pareado!$D$2:$D$65,"FS",Pareado!$AG$2:$AG$65,"Gemini") -> 3
A35: Bug plantado | B35: Todos | C35: COT | D35: =COUNTIFS(Pareado!$F$2:$F$65,"Bug plantado",Pareado!$D$2:$D$65,"COT") -> 6 | E35: =SUMIFS(Pareado!$I$2:$I$65,Pareado!$F$2:$F$65,"Bug plantado",Pareado!$D$2:$D$65,"COT") -> 86 | F35: =SUMIFS(Pareado!$J$2:$J$65,Pareado!$F$2:$F$65,"Bug plantado",Pareado!$D$2:$D$65,"COT") -> 52 | G35: =IFERROR(F35/(F35+SUMIFS(Pareado!$K$2:$K$65,Pareado!$F$2:$F$65,"Bug plantado",Pareado!$D$2:$D$65,"COT",Pareado!$O$2:$O$65,"executa")),0) -> 0.8 | H35: =COUNTIFS(Pareado!$F$2:$F$65,"Bug plantado",Pareado!$D$2:$D$65,"COT",Pareado!$L$2:$L$65,1) -> 3 | I35: =SUMIFS(Pareado!$M$2:$M$65,Pareado!$F$2:$F$65,"Bug plantado",Pareado!$D$2:$D$65,"COT") -> 9 | J35: =COUNTIFS(Pareado!$F$2:$F$65,"Bug plantado",Pareado!$D$2:$D$65,"COT",Pareado!$M$2:$M$65,3) -> 3 | K35: =COUNTIFS(Pareado!$F$2:$F$65,"Bug plantado",Pareado!$D$2:$D$65,"COT",Pareado!$O$2:$O$65,"<>executa") -> 1 | L35: =COUNTIFS(Pareado!$F$2:$F$65,"Bug plantado",Pareado!$D$2:$D$65,"COT",Pareado!$P$2:$P$65,"Sim") -> 0 | M35: =SUMIFS(Pareado!$S$2:$S$65,Pareado!$F$2:$F$65,"Bug plantado",Pareado!$D$2:$D$65,"COT") -> 47 | N35: =SUMIFS(Pareado!$T$2:$T$65,Pareado!$F$2:$F$65,"Bug plantado",Pareado!$D$2:$D$65,"COT") -> 42 | O35: =IFERROR(N35/(N35+SUMIFS(Pareado!$U$2:$U$65,Pareado!$F$2:$F$65,"Bug plantado",Pareado!$D$2:$D$65,"COT",Pareado!$Y$2:$Y$65,"executa")),0) -> 0.89361702 | P35: =COUNTIFS(Pareado!$F$2:$F$65,"Bug plantado",Pareado!$D$2:$D$65,"COT",Pareado!$V$2:$V$65,1) -> 4 | Q35: =SUMIFS(Pareado!$W$2:$W$65,Pareado!$F$2:$F$65,"Bug plantado",Pareado!$D$2:$D$65,"COT") -> 5 | R35: =COUNTIFS(Pareado!$F$2:$F$65,"Bug plantado",Pareado!$D$2:$D$65,"COT",Pareado!$W$2:$W$65,3) -> 1 | S35: =COUNTIFS(Pareado!$F$2:$F$65,"Bug plantado",Pareado!$D$2:$D$65,"COT",Pareado!$Y$2:$Y$65,"<>executa") -> 0 | T35: =SUMIFS(Pareado!$AA$2:$AA$65,Pareado!$F$2:$F$65,"Bug plantado",Pareado!$D$2:$D$65,"COT") -> 1 | U35: =COUNTIFS(Pareado!$F$2:$F$65,"Bug plantado",Pareado!$D$2:$D$65,"COT",Pareado!$AF$2:$AF$65,"ChatGPT") -> 5 | V35: =COUNTIFS(Pareado!$F$2:$F$65,"Bug plantado",Pareado!$D$2:$D$65,"COT",Pareado!$AF$2:$AF$65,"empate") -> 1 | W35: =COUNTIFS(Pareado!$F$2:$F$65,"Bug plantado",Pareado!$D$2:$D$65,"COT",Pareado!$AF$2:$AF$65,"Gemini") -> 0 | X35: =COUNTIFS(Pareado!$F$2:$F$65,"Bug plantado",Pareado!$D$2:$D$65,"COT",Pareado!$AG$2:$AG$65,"ChatGPT") -> 0 | Y35: =COUNTIFS(Pareado!$F$2:$F$65,"Bug plantado",Pareado!$D$2:$D$65,"COT",Pareado!$AG$2:$AG$65,"empate") -> 3 | Z35: =COUNTIFS(Pareado!$F$2:$F$65,"Bug plantado",Pareado!$D$2:$D$65,"COT",Pareado!$AG$2:$AG$65,"Gemini") -> 3
A36: Bug plantado | B36: Todos | C36: Todas | D36: =COUNTIFS(Pareado!$F$2:$F$65,"Bug plantado") -> 18 | E36: =SUMIFS(Pareado!$I$2:$I$65,Pareado!$F$2:$F$65,"Bug plantado") -> 183 | F36: =SUMIFS(Pareado!$J$2:$J$65,Pareado!$F$2:$F$65,"Bug plantado") -> 113 | G36: =IFERROR(F36/(F36+SUMIFS(Pareado!$K$2:$K$65,Pareado!$F$2:$F$65,"Bug plantado",Pareado!$O$2:$O$65,"executa")),0) -> 0.84328358 | H36: =COUNTIFS(Pareado!$F$2:$F$65,"Bug plantado",Pareado!$L$2:$L$65,1) -> 8 | I36: =SUMIFS(Pareado!$M$2:$M$65,Pareado!$F$2:$F$65,"Bug plantado") -> 28 | J36: =COUNTIFS(Pareado!$F$2:$F$65,"Bug plantado",Pareado!$M$2:$M$65,3) -> 9 | K36: =COUNTIFS(Pareado!$F$2:$F$65,"Bug plantado",Pareado!$O$2:$O$65,"<>executa") -> 4 | L36: =COUNTIFS(Pareado!$F$2:$F$65,"Bug plantado",Pareado!$P$2:$P$65,"Sim") -> 0 | M36: =SUMIFS(Pareado!$S$2:$S$65,Pareado!$F$2:$F$65,"Bug plantado") -> 119 | N36: =SUMIFS(Pareado!$T$2:$T$65,Pareado!$F$2:$F$65,"Bug plantado") -> 102 | O36: =IFERROR(N36/(N36+SUMIFS(Pareado!$U$2:$U$65,Pareado!$F$2:$F$65,"Bug plantado",Pareado!$Y$2:$Y$65,"executa")),0) -> 0.87179487 | P36: =COUNTIFS(Pareado!$F$2:$F$65,"Bug plantado",Pareado!$V$2:$V$65,1) -> 11 | Q36: =SUMIFS(Pareado!$W$2:$W$65,Pareado!$F$2:$F$65,"Bug plantado") -> 21 | R36: =COUNTIFS(Pareado!$F$2:$F$65,"Bug plantado",Pareado!$W$2:$W$65,3) -> 4 | S36: =COUNTIFS(Pareado!$F$2:$F$65,"Bug plantado",Pareado!$Y$2:$Y$65,"<>executa") -> 1 | T36: =SUMIFS(Pareado!$AA$2:$AA$65,Pareado!$F$2:$F$65,"Bug plantado") -> 2 | U36: =COUNTIFS(Pareado!$F$2:$F$65,"Bug plantado",Pareado!$AF$2:$AF$65,"ChatGPT") -> 13 | V36: =COUNTIFS(Pareado!$F$2:$F$65,"Bug plantado",Pareado!$AF$2:$AF$65,"empate") -> 4 | W36: =COUNTIFS(Pareado!$F$2:$F$65,"Bug plantado",Pareado!$AF$2:$AF$65,"Gemini") -> 1 | X36: =COUNTIFS(Pareado!$F$2:$F$65,"Bug plantado",Pareado!$AG$2:$AG$65,"ChatGPT") -> 1 | Y36: =COUNTIFS(Pareado!$F$2:$F$65,"Bug plantado",Pareado!$AG$2:$AG$65,"empate") -> 9 | Z36: =COUNTIFS(Pareado!$F$2:$F$65,"Bug plantado",Pareado!$AG$2:$AG$65,"Gemini") -> 8
A38: formatName (bug nativo) | B38: Unitário | C38: ZS | D38: =COUNTIFS(Pareado!$F$2:$F$65,"formatName (bug nativo)",Pareado!$C$2:$C$65,"Unitário",Pareado!$D$2:$D$65,"ZS") -> 1 | E38: =SUMIFS(Pareado!$I$2:$I$65,Pareado!$F$2:$F$65,"formatName (bug nativo)",Pareado!$C$2:$C$65,"Unitário",Pareado!$D$2:$D$65,"ZS") -> 13 | F38: =SUMIFS(Pareado!$J$2:$J$65,Pareado!$F$2:$F$65,"formatName (bug nativo)",Pareado!$C$2:$C$65,"Unitário",Pareado!$D$2:$D$65,"ZS") -> 13 | G38: =IFERROR(F38/(F38+SUMIFS(Pareado!$K$2:$K$65,Pareado!$F$2:$F$65,"formatName (bug nativo)",Pareado!$C$2:$C$65,"Unitário",Pareado!$D$2:$D$65,"ZS",Pareado!$O$2:$O$65,"executa")),0) -> 1 | H38: =COUNTIFS(Pareado!$F$2:$F$65,"formatName (bug nativo)",Pareado!$C$2:$C$65,"Unitário",Pareado!$D$2:$D$65,"ZS",Pareado!$L$2:$L$65,1) -> 1 | I38: =SUMIFS(Pareado!$M$2:$M$65,Pareado!$F$2:$F$65,"formatName (bug nativo)",Pareado!$C$2:$C$65,"Unitário",Pareado!$D$2:$D$65,"ZS") -> 0 | J38: =COUNTIFS(Pareado!$F$2:$F$65,"formatName (bug nativo)",Pareado!$C$2:$C$65,"Unitário",Pareado!$D$2:$D$65,"ZS",Pareado!$M$2:$M$65,3) -> 0 | K38: =COUNTIFS(Pareado!$F$2:$F$65,"formatName (bug nativo)",Pareado!$C$2:$C$65,"Unitário",Pareado!$D$2:$D$65,"ZS",Pareado!$O$2:$O$65,"<>executa") -> 0 | L38: =COUNTIFS(Pareado!$F$2:$F$65,"formatName (bug nativo)",Pareado!$C$2:$C$65,"Unitário",Pareado!$D$2:$D$65,"ZS",Pareado!$P$2:$P$65,"Sim") -> 0 | M38: =SUMIFS(Pareado!$S$2:$S$65,Pareado!$F$2:$F$65,"formatName (bug nativo)",Pareado!$C$2:$C$65,"Unitário",Pareado!$D$2:$D$65,"ZS") -> 10 | N38: =SUMIFS(Pareado!$T$2:$T$65,Pareado!$F$2:$F$65,"formatName (bug nativo)",Pareado!$C$2:$C$65,"Unitário",Pareado!$D$2:$D$65,"ZS") -> 10 | O38: =IFERROR(N38/(N38+SUMIFS(Pareado!$U$2:$U$65,Pareado!$F$2:$F$65,"formatName (bug nativo)",Pareado!$C$2:$C$65,"Unitário",Pareado!$D$2:$D$65,"ZS",Pareado!$Y$2:$Y$65,"executa")),0) -> 1 | P38: =COUNTIFS(Pareado!$F$2:$F$65,"formatName (bug nativo)",Pareado!$C$2:$C$65,"Unitário",Pareado!$D$2:$D$65,"ZS",Pareado!$V$2:$V$65,1) -> 1 | Q38: =SUMIFS(Pareado!$W$2:$W$65,Pareado!$F$2:$F$65,"formatName (bug nativo)",Pareado!$C$2:$C$65,"Unitário",Pareado!$D$2:$D$65,"ZS") -> 0 | R38: =COUNTIFS(Pareado!$F$2:$F$65,"formatName (bug nativo)",Pareado!$C$2:$C$65,"Unitário",Pareado!$D$2:$D$65,"ZS",Pareado!$W$2:$W$65,3) -> 0 | S38: =COUNTIFS(Pareado!$F$2:$F$65,"formatName (bug nativo)",Pareado!$C$2:$C$65,"Unitário",Pareado!$D$2:$D$65,"ZS",Pareado!$Y$2:$Y$65,"<>executa") -> 0 | T38: =SUMIFS(Pareado!$AA$2:$AA$65,Pareado!$F$2:$F$65,"formatName (bug nativo)",Pareado!$C$2:$C$65,"Unitário",Pareado!$D$2:$D$65,"ZS") -> 2 | U38: =COUNTIFS(Pareado!$F$2:$F$65,"formatName (bug nativo)",Pareado!$C$2:$C$65,"Unitário",Pareado!$D$2:$D$65,"ZS",Pareado!$AF$2:$AF$65,"ChatGPT") -> 1 | V38: =COUNTIFS(Pareado!$F$2:$F$65,"formatName (bug nativo)",Pareado!$C$2:$C$65,"Unitário",Pareado!$D$2:$D$65,"ZS",Pareado!$AF$2:$AF$65,"empate") -> 0 | W38: =COUNTIFS(Pareado!$F$2:$F$65,"formatName (bug nativo)",Pareado!$C$2:$C$65,"Unitário",Pareado!$D$2:$D$65,"ZS",Pareado!$AF$2:$AF$65,"Gemini") -> 0 | X38: =COUNTIFS(Pareado!$F$2:$F$65,"formatName (bug nativo)",Pareado!$C$2:$C$65,"Unitário",Pareado!$D$2:$D$65,"ZS",Pareado!$AG$2:$AG$65,"ChatGPT") -> 0 | Y38: =COUNTIFS(Pareado!$F$2:$F$65,"formatName (bug nativo)",Pareado!$C$2:$C$65,"Unitário",Pareado!$D$2:$D$65,"ZS",Pareado!$AG$2:$AG$65,"empate") -> 1 | Z38: =COUNTIFS(Pareado!$F$2:$F$65,"formatName (bug nativo)",Pareado!$C$2:$C$65,"Unitário",Pareado!$D$2:$D$65,"ZS",Pareado!$AG$2:$AG$65,"Gemini") -> 0
A39: formatName (bug nativo) | B39: Unitário | C39: FS | D39: =COUNTIFS(Pareado!$F$2:$F$65,"formatName (bug nativo)",Pareado!$C$2:$C$65,"Unitário",Pareado!$D$2:$D$65,"FS") -> 1 | E39: =SUMIFS(Pareado!$I$2:$I$65,Pareado!$F$2:$F$65,"formatName (bug nativo)",Pareado!$C$2:$C$65,"Unitário",Pareado!$D$2:$D$65,"FS") -> 4 | F39: =SUMIFS(Pareado!$J$2:$J$65,Pareado!$F$2:$F$65,"formatName (bug nativo)",Pareado!$C$2:$C$65,"Unitário",Pareado!$D$2:$D$65,"FS") -> 4 | G39: =IFERROR(F39/(F39+SUMIFS(Pareado!$K$2:$K$65,Pareado!$F$2:$F$65,"formatName (bug nativo)",Pareado!$C$2:$C$65,"Unitário",Pareado!$D$2:$D$65,"FS",Pareado!$O$2:$O$65,"executa")),0) -> 1 | H39: =COUNTIFS(Pareado!$F$2:$F$65,"formatName (bug nativo)",Pareado!$C$2:$C$65,"Unitário",Pareado!$D$2:$D$65,"FS",Pareado!$L$2:$L$65,1) -> 1 | I39: =SUMIFS(Pareado!$M$2:$M$65,Pareado!$F$2:$F$65,"formatName (bug nativo)",Pareado!$C$2:$C$65,"Unitário",Pareado!$D$2:$D$65,"FS") -> 0 | J39: =COUNTIFS(Pareado!$F$2:$F$65,"formatName (bug nativo)",Pareado!$C$2:$C$65,"Unitário",Pareado!$D$2:$D$65,"FS",Pareado!$M$2:$M$65,3) -> 0 | K39: =COUNTIFS(Pareado!$F$2:$F$65,"formatName (bug nativo)",Pareado!$C$2:$C$65,"Unitário",Pareado!$D$2:$D$65,"FS",Pareado!$O$2:$O$65,"<>executa") -> 0 | L39: =COUNTIFS(Pareado!$F$2:$F$65,"formatName (bug nativo)",Pareado!$C$2:$C$65,"Unitário",Pareado!$D$2:$D$65,"FS",Pareado!$P$2:$P$65,"Sim") -> 0 | M39: =SUMIFS(Pareado!$S$2:$S$65,Pareado!$F$2:$F$65,"formatName (bug nativo)",Pareado!$C$2:$C$65,"Unitário",Pareado!$D$2:$D$65,"FS") -> 5 | N39: =SUMIFS(Pareado!$T$2:$T$65,Pareado!$F$2:$F$65,"formatName (bug nativo)",Pareado!$C$2:$C$65,"Unitário",Pareado!$D$2:$D$65,"FS") -> 5 | O39: =IFERROR(N39/(N39+SUMIFS(Pareado!$U$2:$U$65,Pareado!$F$2:$F$65,"formatName (bug nativo)",Pareado!$C$2:$C$65,"Unitário",Pareado!$D$2:$D$65,"FS",Pareado!$Y$2:$Y$65,"executa")),0) -> 1 | P39: =COUNTIFS(Pareado!$F$2:$F$65,"formatName (bug nativo)",Pareado!$C$2:$C$65,"Unitário",Pareado!$D$2:$D$65,"FS",Pareado!$V$2:$V$65,1) -> 1 | Q39: =SUMIFS(Pareado!$W$2:$W$65,Pareado!$F$2:$F$65,"formatName (bug nativo)",Pareado!$C$2:$C$65,"Unitário",Pareado!$D$2:$D$65,"FS") -> 0 | R39: =COUNTIFS(Pareado!$F$2:$F$65,"formatName (bug nativo)",Pareado!$C$2:$C$65,"Unitário",Pareado!$D$2:$D$65,"FS",Pareado!$W$2:$W$65,3) -> 0 | S39: =COUNTIFS(Pareado!$F$2:$F$65,"formatName (bug nativo)",Pareado!$C$2:$C$65,"Unitário",Pareado!$D$2:$D$65,"FS",Pareado!$Y$2:$Y$65,"<>executa") -> 0 | T39: =SUMIFS(Pareado!$AA$2:$AA$65,Pareado!$F$2:$F$65,"formatName (bug nativo)",Pareado!$C$2:$C$65,"Unitário",Pareado!$D$2:$D$65,"FS") -> 0 | U39: =COUNTIFS(Pareado!$F$2:$F$65,"formatName (bug nativo)",Pareado!$C$2:$C$65,"Unitário",Pareado!$D$2:$D$65,"FS",Pareado!$AF$2:$AF$65,"ChatGPT") -> 0 | V39: =COUNTIFS(Pareado!$F$2:$F$65,"formatName (bug nativo)",Pareado!$C$2:$C$65,"Unitário",Pareado!$D$2:$D$65,"FS",Pareado!$AF$2:$AF$65,"empate") -> 0 | W39: =COUNTIFS(Pareado!$F$2:$F$65,"formatName (bug nativo)",Pareado!$C$2:$C$65,"Unitário",Pareado!$D$2:$D$65,"FS",Pareado!$AF$2:$AF$65,"Gemini") -> 1 | X39: =COUNTIFS(Pareado!$F$2:$F$65,"formatName (bug nativo)",Pareado!$C$2:$C$65,"Unitário",Pareado!$D$2:$D$65,"FS",Pareado!$AG$2:$AG$65,"ChatGPT") -> 0 | Y39: =COUNTIFS(Pareado!$F$2:$F$65,"formatName (bug nativo)",Pareado!$C$2:$C$65,"Unitário",Pareado!$D$2:$D$65,"FS",Pareado!$AG$2:$AG$65,"empate") -> 1 | Z39: =COUNTIFS(Pareado!$F$2:$F$65,"formatName (bug nativo)",Pareado!$C$2:$C$65,"Unitário",Pareado!$D$2:$D$65,"FS",Pareado!$AG$2:$AG$65,"Gemini") -> 0
A40: formatName (bug nativo) | B40: Unitário | C40: COT | D40: =COUNTIFS(Pareado!$F$2:$F$65,"formatName (bug nativo)",Pareado!$C$2:$C$65,"Unitário",Pareado!$D$2:$D$65,"COT") -> 1 | E40: =SUMIFS(Pareado!$I$2:$I$65,Pareado!$F$2:$F$65,"formatName (bug nativo)",Pareado!$C$2:$C$65,"Unitário",Pareado!$D$2:$D$65,"COT") -> 15 | F40: =SUMIFS(Pareado!$J$2:$J$65,Pareado!$F$2:$F$65,"formatName (bug nativo)",Pareado!$C$2:$C$65,"Unitário",Pareado!$D$2:$D$65,"COT") -> 15 | G40: =IFERROR(F40/(F40+SUMIFS(Pareado!$K$2:$K$65,Pareado!$F$2:$F$65,"formatName (bug nativo)",Pareado!$C$2:$C$65,"Unitário",Pareado!$D$2:$D$65,"COT",Pareado!$O$2:$O$65,"executa")),0) -> 1 | H40: =COUNTIFS(Pareado!$F$2:$F$65,"formatName (bug nativo)",Pareado!$C$2:$C$65,"Unitário",Pareado!$D$2:$D$65,"COT",Pareado!$L$2:$L$65,1) -> 1 | I40: =SUMIFS(Pareado!$M$2:$M$65,Pareado!$F$2:$F$65,"formatName (bug nativo)",Pareado!$C$2:$C$65,"Unitário",Pareado!$D$2:$D$65,"COT") -> 0 | J40: =COUNTIFS(Pareado!$F$2:$F$65,"formatName (bug nativo)",Pareado!$C$2:$C$65,"Unitário",Pareado!$D$2:$D$65,"COT",Pareado!$M$2:$M$65,3) -> 0 | K40: =COUNTIFS(Pareado!$F$2:$F$65,"formatName (bug nativo)",Pareado!$C$2:$C$65,"Unitário",Pareado!$D$2:$D$65,"COT",Pareado!$O$2:$O$65,"<>executa") -> 0 | L40: =COUNTIFS(Pareado!$F$2:$F$65,"formatName (bug nativo)",Pareado!$C$2:$C$65,"Unitário",Pareado!$D$2:$D$65,"COT",Pareado!$P$2:$P$65,"Sim") -> 0 | M40: =SUMIFS(Pareado!$S$2:$S$65,Pareado!$F$2:$F$65,"formatName (bug nativo)",Pareado!$C$2:$C$65,"Unitário",Pareado!$D$2:$D$65,"COT") -> 9 | N40: =SUMIFS(Pareado!$T$2:$T$65,Pareado!$F$2:$F$65,"formatName (bug nativo)",Pareado!$C$2:$C$65,"Unitário",Pareado!$D$2:$D$65,"COT") -> 9 | O40: =IFERROR(N40/(N40+SUMIFS(Pareado!$U$2:$U$65,Pareado!$F$2:$F$65,"formatName (bug nativo)",Pareado!$C$2:$C$65,"Unitário",Pareado!$D$2:$D$65,"COT",Pareado!$Y$2:$Y$65,"executa")),0) -> 1 | P40: =COUNTIFS(Pareado!$F$2:$F$65,"formatName (bug nativo)",Pareado!$C$2:$C$65,"Unitário",Pareado!$D$2:$D$65,"COT",Pareado!$V$2:$V$65,1) -> 1 | Q40: =SUMIFS(Pareado!$W$2:$W$65,Pareado!$F$2:$F$65,"formatName (bug nativo)",Pareado!$C$2:$C$65,"Unitário",Pareado!$D$2:$D$65,"COT") -> 0 | R40: =COUNTIFS(Pareado!$F$2:$F$65,"formatName (bug nativo)",Pareado!$C$2:$C$65,"Unitário",Pareado!$D$2:$D$65,"COT",Pareado!$W$2:$W$65,3) -> 0 | S40: =COUNTIFS(Pareado!$F$2:$F$65,"formatName (bug nativo)",Pareado!$C$2:$C$65,"Unitário",Pareado!$D$2:$D$65,"COT",Pareado!$Y$2:$Y$65,"<>executa") -> 0 | T40: =SUMIFS(Pareado!$AA$2:$AA$65,Pareado!$F$2:$F$65,"formatName (bug nativo)",Pareado!$C$2:$C$65,"Unitário",Pareado!$D$2:$D$65,"COT") -> 0 | U40: =COUNTIFS(Pareado!$F$2:$F$65,"formatName (bug nativo)",Pareado!$C$2:$C$65,"Unitário",Pareado!$D$2:$D$65,"COT",Pareado!$AF$2:$AF$65,"ChatGPT") -> 1 | V40: =COUNTIFS(Pareado!$F$2:$F$65,"formatName (bug nativo)",Pareado!$C$2:$C$65,"Unitário",Pareado!$D$2:$D$65,"COT",Pareado!$AF$2:$AF$65,"empate") -> 0 | W40: =COUNTIFS(Pareado!$F$2:$F$65,"formatName (bug nativo)",Pareado!$C$2:$C$65,"Unitário",Pareado!$D$2:$D$65,"COT",Pareado!$AF$2:$AF$65,"Gemini") -> 0 | X40: =COUNTIFS(Pareado!$F$2:$F$65,"formatName (bug nativo)",Pareado!$C$2:$C$65,"Unitário",Pareado!$D$2:$D$65,"COT",Pareado!$AG$2:$AG$65,"ChatGPT") -> 0 | Y40: =COUNTIFS(Pareado!$F$2:$F$65,"formatName (bug nativo)",Pareado!$C$2:$C$65,"Unitário",Pareado!$D$2:$D$65,"COT",Pareado!$AG$2:$AG$65,"empate") -> 1 | Z40: =COUNTIFS(Pareado!$F$2:$F$65,"formatName (bug nativo)",Pareado!$C$2:$C$65,"Unitário",Pareado!$D$2:$D$65,"COT",Pareado!$AG$2:$AG$65,"Gemini") -> 0
A41: formatName (bug nativo) | B41: Unitário | C41: Todas | D41: =COUNTIFS(Pareado!$F$2:$F$65,"formatName (bug nativo)",Pareado!$C$2:$C$65,"Unitário") -> 3 | E41: =SUMIFS(Pareado!$I$2:$I$65,Pareado!$F$2:$F$65,"formatName (bug nativo)",Pareado!$C$2:$C$65,"Unitário") -> 32 | F41: =SUMIFS(Pareado!$J$2:$J$65,Pareado!$F$2:$F$65,"formatName (bug nativo)",Pareado!$C$2:$C$65,"Unitário") -> 32 | G41: =IFERROR(F41/(F41+SUMIFS(Pareado!$K$2:$K$65,Pareado!$F$2:$F$65,"formatName (bug nativo)",Pareado!$C$2:$C$65,"Unitário",Pareado!$O$2:$O$65,"executa")),0) -> 1 | H41: =COUNTIFS(Pareado!$F$2:$F$65,"formatName (bug nativo)",Pareado!$C$2:$C$65,"Unitário",Pareado!$L$2:$L$65,1) -> 3 | I41: =SUMIFS(Pareado!$M$2:$M$65,Pareado!$F$2:$F$65,"formatName (bug nativo)",Pareado!$C$2:$C$65,"Unitário") -> 0 | J41: =COUNTIFS(Pareado!$F$2:$F$65,"formatName (bug nativo)",Pareado!$C$2:$C$65,"Unitário",Pareado!$M$2:$M$65,3) -> 0 | K41: =COUNTIFS(Pareado!$F$2:$F$65,"formatName (bug nativo)",Pareado!$C$2:$C$65,"Unitário",Pareado!$O$2:$O$65,"<>executa") -> 0 | L41: =COUNTIFS(Pareado!$F$2:$F$65,"formatName (bug nativo)",Pareado!$C$2:$C$65,"Unitário",Pareado!$P$2:$P$65,"Sim") -> 0 | M41: =SUMIFS(Pareado!$S$2:$S$65,Pareado!$F$2:$F$65,"formatName (bug nativo)",Pareado!$C$2:$C$65,"Unitário") -> 24 | N41: =SUMIFS(Pareado!$T$2:$T$65,Pareado!$F$2:$F$65,"formatName (bug nativo)",Pareado!$C$2:$C$65,"Unitário") -> 24 | O41: =IFERROR(N41/(N41+SUMIFS(Pareado!$U$2:$U$65,Pareado!$F$2:$F$65,"formatName (bug nativo)",Pareado!$C$2:$C$65,"Unitário",Pareado!$Y$2:$Y$65,"executa")),0) -> 1 | P41: =COUNTIFS(Pareado!$F$2:$F$65,"formatName (bug nativo)",Pareado!$C$2:$C$65,"Unitário",Pareado!$V$2:$V$65,1) -> 3 | Q41: =SUMIFS(Pareado!$W$2:$W$65,Pareado!$F$2:$F$65,"formatName (bug nativo)",Pareado!$C$2:$C$65,"Unitário") -> 0 | R41: =COUNTIFS(Pareado!$F$2:$F$65,"formatName (bug nativo)",Pareado!$C$2:$C$65,"Unitário",Pareado!$W$2:$W$65,3) -> 0 | S41: =COUNTIFS(Pareado!$F$2:$F$65,"formatName (bug nativo)",Pareado!$C$2:$C$65,"Unitário",Pareado!$Y$2:$Y$65,"<>executa") -> 0 | T41: =SUMIFS(Pareado!$AA$2:$AA$65,Pareado!$F$2:$F$65,"formatName (bug nativo)",Pareado!$C$2:$C$65,"Unitário") -> 2 | U41: =COUNTIFS(Pareado!$F$2:$F$65,"formatName (bug nativo)",Pareado!$C$2:$C$65,"Unitário",Pareado!$AF$2:$AF$65,"ChatGPT") -> 2 | V41: =COUNTIFS(Pareado!$F$2:$F$65,"formatName (bug nativo)",Pareado!$C$2:$C$65,"Unitário",Pareado!$AF$2:$AF$65,"empate") -> 0 | W41: =COUNTIFS(Pareado!$F$2:$F$65,"formatName (bug nativo)",Pareado!$C$2:$C$65,"Unitário",Pareado!$AF$2:$AF$65,"Gemini") -> 1 | X41: =COUNTIFS(Pareado!$F$2:$F$65,"formatName (bug nativo)",Pareado!$C$2:$C$65,"Unitário",Pareado!$AG$2:$AG$65,"ChatGPT") -> 0 | Y41: =COUNTIFS(Pareado!$F$2:$F$65,"formatName (bug nativo)",Pareado!$C$2:$C$65,"Unitário",Pareado!$AG$2:$AG$65,"empate") -> 3 | Z41: =COUNTIFS(Pareado!$F$2:$F$65,"formatName (bug nativo)",Pareado!$C$2:$C$65,"Unitário",Pareado!$AG$2:$AG$65,"Gemini") -> 0
A42: formatName (bug nativo) | B42: Todos | C42: ZS | D42: =COUNTIFS(Pareado!$F$2:$F$65,"formatName (bug nativo)",Pareado!$D$2:$D$65,"ZS") -> 1 | E42: =SUMIFS(Pareado!$I$2:$I$65,Pareado!$F$2:$F$65,"formatName (bug nativo)",Pareado!$D$2:$D$65,"ZS") -> 13 | F42: =SUMIFS(Pareado!$J$2:$J$65,Pareado!$F$2:$F$65,"formatName (bug nativo)",Pareado!$D$2:$D$65,"ZS") -> 13 | G42: =IFERROR(F42/(F42+SUMIFS(Pareado!$K$2:$K$65,Pareado!$F$2:$F$65,"formatName (bug nativo)",Pareado!$D$2:$D$65,"ZS",Pareado!$O$2:$O$65,"executa")),0) -> 1 | H42: =COUNTIFS(Pareado!$F$2:$F$65,"formatName (bug nativo)",Pareado!$D$2:$D$65,"ZS",Pareado!$L$2:$L$65,1) -> 1 | I42: =SUMIFS(Pareado!$M$2:$M$65,Pareado!$F$2:$F$65,"formatName (bug nativo)",Pareado!$D$2:$D$65,"ZS") -> 0 | J42: =COUNTIFS(Pareado!$F$2:$F$65,"formatName (bug nativo)",Pareado!$D$2:$D$65,"ZS",Pareado!$M$2:$M$65,3) -> 0 | K42: =COUNTIFS(Pareado!$F$2:$F$65,"formatName (bug nativo)",Pareado!$D$2:$D$65,"ZS",Pareado!$O$2:$O$65,"<>executa") -> 0 | L42: =COUNTIFS(Pareado!$F$2:$F$65,"formatName (bug nativo)",Pareado!$D$2:$D$65,"ZS",Pareado!$P$2:$P$65,"Sim") -> 0 | M42: =SUMIFS(Pareado!$S$2:$S$65,Pareado!$F$2:$F$65,"formatName (bug nativo)",Pareado!$D$2:$D$65,"ZS") -> 10 | N42: =SUMIFS(Pareado!$T$2:$T$65,Pareado!$F$2:$F$65,"formatName (bug nativo)",Pareado!$D$2:$D$65,"ZS") -> 10 | O42: =IFERROR(N42/(N42+SUMIFS(Pareado!$U$2:$U$65,Pareado!$F$2:$F$65,"formatName (bug nativo)",Pareado!$D$2:$D$65,"ZS",Pareado!$Y$2:$Y$65,"executa")),0) -> 1 | P42: =COUNTIFS(Pareado!$F$2:$F$65,"formatName (bug nativo)",Pareado!$D$2:$D$65,"ZS",Pareado!$V$2:$V$65,1) -> 1 | Q42: =SUMIFS(Pareado!$W$2:$W$65,Pareado!$F$2:$F$65,"formatName (bug nativo)",Pareado!$D$2:$D$65,"ZS") -> 0 | R42: =COUNTIFS(Pareado!$F$2:$F$65,"formatName (bug nativo)",Pareado!$D$2:$D$65,"ZS",Pareado!$W$2:$W$65,3) -> 0 | S42: =COUNTIFS(Pareado!$F$2:$F$65,"formatName (bug nativo)",Pareado!$D$2:$D$65,"ZS",Pareado!$Y$2:$Y$65,"<>executa") -> 0 | T42: =SUMIFS(Pareado!$AA$2:$AA$65,Pareado!$F$2:$F$65,"formatName (bug nativo)",Pareado!$D$2:$D$65,"ZS") -> 2 | U42: =COUNTIFS(Pareado!$F$2:$F$65,"formatName (bug nativo)",Pareado!$D$2:$D$65,"ZS",Pareado!$AF$2:$AF$65,"ChatGPT") -> 1 | V42: =COUNTIFS(Pareado!$F$2:$F$65,"formatName (bug nativo)",Pareado!$D$2:$D$65,"ZS",Pareado!$AF$2:$AF$65,"empate") -> 0 | W42: =COUNTIFS(Pareado!$F$2:$F$65,"formatName (bug nativo)",Pareado!$D$2:$D$65,"ZS",Pareado!$AF$2:$AF$65,"Gemini") -> 0 | X42: =COUNTIFS(Pareado!$F$2:$F$65,"formatName (bug nativo)",Pareado!$D$2:$D$65,"ZS",Pareado!$AG$2:$AG$65,"ChatGPT") -> 0 | Y42: =COUNTIFS(Pareado!$F$2:$F$65,"formatName (bug nativo)",Pareado!$D$2:$D$65,"ZS",Pareado!$AG$2:$AG$65,"empate") -> 1 | Z42: =COUNTIFS(Pareado!$F$2:$F$65,"formatName (bug nativo)",Pareado!$D$2:$D$65,"ZS",Pareado!$AG$2:$AG$65,"Gemini") -> 0
A43: formatName (bug nativo) | B43: Todos | C43: FS | D43: =COUNTIFS(Pareado!$F$2:$F$65,"formatName (bug nativo)",Pareado!$D$2:$D$65,"FS") -> 1 | E43: =SUMIFS(Pareado!$I$2:$I$65,Pareado!$F$2:$F$65,"formatName (bug nativo)",Pareado!$D$2:$D$65,"FS") -> 4 | F43: =SUMIFS(Pareado!$J$2:$J$65,Pareado!$F$2:$F$65,"formatName (bug nativo)",Pareado!$D$2:$D$65,"FS") -> 4 | G43: =IFERROR(F43/(F43+SUMIFS(Pareado!$K$2:$K$65,Pareado!$F$2:$F$65,"formatName (bug nativo)",Pareado!$D$2:$D$65,"FS",Pareado!$O$2:$O$65,"executa")),0) -> 1 | H43: =COUNTIFS(Pareado!$F$2:$F$65,"formatName (bug nativo)",Pareado!$D$2:$D$65,"FS",Pareado!$L$2:$L$65,1) -> 1 | I43: =SUMIFS(Pareado!$M$2:$M$65,Pareado!$F$2:$F$65,"formatName (bug nativo)",Pareado!$D$2:$D$65,"FS") -> 0 | J43: =COUNTIFS(Pareado!$F$2:$F$65,"formatName (bug nativo)",Pareado!$D$2:$D$65,"FS",Pareado!$M$2:$M$65,3) -> 0 | K43: =COUNTIFS(Pareado!$F$2:$F$65,"formatName (bug nativo)",Pareado!$D$2:$D$65,"FS",Pareado!$O$2:$O$65,"<>executa") -> 0 | L43: =COUNTIFS(Pareado!$F$2:$F$65,"formatName (bug nativo)",Pareado!$D$2:$D$65,"FS",Pareado!$P$2:$P$65,"Sim") -> 0 | M43: =SUMIFS(Pareado!$S$2:$S$65,Pareado!$F$2:$F$65,"formatName (bug nativo)",Pareado!$D$2:$D$65,"FS") -> 5 | N43: =SUMIFS(Pareado!$T$2:$T$65,Pareado!$F$2:$F$65,"formatName (bug nativo)",Pareado!$D$2:$D$65,"FS") -> 5 | O43: =IFERROR(N43/(N43+SUMIFS(Pareado!$U$2:$U$65,Pareado!$F$2:$F$65,"formatName (bug nativo)",Pareado!$D$2:$D$65,"FS",Pareado!$Y$2:$Y$65,"executa")),0) -> 1 | P43: =COUNTIFS(Pareado!$F$2:$F$65,"formatName (bug nativo)",Pareado!$D$2:$D$65,"FS",Pareado!$V$2:$V$65,1) -> 1 | Q43: =SUMIFS(Pareado!$W$2:$W$65,Pareado!$F$2:$F$65,"formatName (bug nativo)",Pareado!$D$2:$D$65,"FS") -> 0 | R43: =COUNTIFS(Pareado!$F$2:$F$65,"formatName (bug nativo)",Pareado!$D$2:$D$65,"FS",Pareado!$W$2:$W$65,3) -> 0 | S43: =COUNTIFS(Pareado!$F$2:$F$65,"formatName (bug nativo)",Pareado!$D$2:$D$65,"FS",Pareado!$Y$2:$Y$65,"<>executa") -> 0 | T43: =SUMIFS(Pareado!$AA$2:$AA$65,Pareado!$F$2:$F$65,"formatName (bug nativo)",Pareado!$D$2:$D$65,"FS") -> 0 | U43: =COUNTIFS(Pareado!$F$2:$F$65,"formatName (bug nativo)",Pareado!$D$2:$D$65,"FS",Pareado!$AF$2:$AF$65,"ChatGPT") -> 0 | V43: =COUNTIFS(Pareado!$F$2:$F$65,"formatName (bug nativo)",Pareado!$D$2:$D$65,"FS",Pareado!$AF$2:$AF$65,"empate") -> 0 | W43: =COUNTIFS(Pareado!$F$2:$F$65,"formatName (bug nativo)",Pareado!$D$2:$D$65,"FS",Pareado!$AF$2:$AF$65,"Gemini") -> 1 | X43: =COUNTIFS(Pareado!$F$2:$F$65,"formatName (bug nativo)",Pareado!$D$2:$D$65,"FS",Pareado!$AG$2:$AG$65,"ChatGPT") -> 0 | Y43: =COUNTIFS(Pareado!$F$2:$F$65,"formatName (bug nativo)",Pareado!$D$2:$D$65,"FS",Pareado!$AG$2:$AG$65,"empate") -> 1 | Z43: =COUNTIFS(Pareado!$F$2:$F$65,"formatName (bug nativo)",Pareado!$D$2:$D$65,"FS",Pareado!$AG$2:$AG$65,"Gemini") -> 0
A44: formatName (bug nativo) | B44: Todos | C44: COT | D44: =COUNTIFS(Pareado!$F$2:$F$65,"formatName (bug nativo)",Pareado!$D$2:$D$65,"COT") -> 1 | E44: =SUMIFS(Pareado!$I$2:$I$65,Pareado!$F$2:$F$65,"formatName (bug nativo)",Pareado!$D$2:$D$65,"COT") -> 15 | F44: =SUMIFS(Pareado!$J$2:$J$65,Pareado!$F$2:$F$65,"formatName (bug nativo)",Pareado!$D$2:$D$65,"COT") -> 15 | G44: =IFERROR(F44/(F44+SUMIFS(Pareado!$K$2:$K$65,Pareado!$F$2:$F$65,"formatName (bug nativo)",Pareado!$D$2:$D$65,"COT",Pareado!$O$2:$O$65,"executa")),0) -> 1 | H44: =COUNTIFS(Pareado!$F$2:$F$65,"formatName (bug nativo)",Pareado!$D$2:$D$65,"COT",Pareado!$L$2:$L$65,1) -> 1 | I44: =SUMIFS(Pareado!$M$2:$M$65,Pareado!$F$2:$F$65,"formatName (bug nativo)",Pareado!$D$2:$D$65,"COT") -> 0 | J44: =COUNTIFS(Pareado!$F$2:$F$65,"formatName (bug nativo)",Pareado!$D$2:$D$65,"COT",Pareado!$M$2:$M$65,3) -> 0 | K44: =COUNTIFS(Pareado!$F$2:$F$65,"formatName (bug nativo)",Pareado!$D$2:$D$65,"COT",Pareado!$O$2:$O$65,"<>executa") -> 0 | L44: =COUNTIFS(Pareado!$F$2:$F$65,"formatName (bug nativo)",Pareado!$D$2:$D$65,"COT",Pareado!$P$2:$P$65,"Sim") -> 0 | M44: =SUMIFS(Pareado!$S$2:$S$65,Pareado!$F$2:$F$65,"formatName (bug nativo)",Pareado!$D$2:$D$65,"COT") -> 9 | N44: =SUMIFS(Pareado!$T$2:$T$65,Pareado!$F$2:$F$65,"formatName (bug nativo)",Pareado!$D$2:$D$65,"COT") -> 9 | O44: =IFERROR(N44/(N44+SUMIFS(Pareado!$U$2:$U$65,Pareado!$F$2:$F$65,"formatName (bug nativo)",Pareado!$D$2:$D$65,"COT",Pareado!$Y$2:$Y$65,"executa")),0) -> 1 | P44: =COUNTIFS(Pareado!$F$2:$F$65,"formatName (bug nativo)",Pareado!$D$2:$D$65,"COT",Pareado!$V$2:$V$65,1) -> 1 | Q44: =SUMIFS(Pareado!$W$2:$W$65,Pareado!$F$2:$F$65,"formatName (bug nativo)",Pareado!$D$2:$D$65,"COT") -> 0 | R44: =COUNTIFS(Pareado!$F$2:$F$65,"formatName (bug nativo)",Pareado!$D$2:$D$65,"COT",Pareado!$W$2:$W$65,3) -> 0 | S44: =COUNTIFS(Pareado!$F$2:$F$65,"formatName (bug nativo)",Pareado!$D$2:$D$65,"COT",Pareado!$Y$2:$Y$65,"<>executa") -> 0 | T44: =SUMIFS(Pareado!$AA$2:$AA$65,Pareado!$F$2:$F$65,"formatName (bug nativo)",Pareado!$D$2:$D$65,"COT") -> 0 | U44: =COUNTIFS(Pareado!$F$2:$F$65,"formatName (bug nativo)",Pareado!$D$2:$D$65,"COT",Pareado!$AF$2:$AF$65,"ChatGPT") -> 1 | V44: =COUNTIFS(Pareado!$F$2:$F$65,"formatName (bug nativo)",Pareado!$D$2:$D$65,"COT",Pareado!$AF$2:$AF$65,"empate") -> 0 | W44: =COUNTIFS(Pareado!$F$2:$F$65,"formatName (bug nativo)",Pareado!$D$2:$D$65,"COT",Pareado!$AF$2:$AF$65,"Gemini") -> 0 | X44: =COUNTIFS(Pareado!$F$2:$F$65,"formatName (bug nativo)",Pareado!$D$2:$D$65,"COT",Pareado!$AG$2:$AG$65,"ChatGPT") -> 0 | Y44: =COUNTIFS(Pareado!$F$2:$F$65,"formatName (bug nativo)",Pareado!$D$2:$D$65,"COT",Pareado!$AG$2:$AG$65,"empate") -> 1 | Z44: =COUNTIFS(Pareado!$F$2:$F$65,"formatName (bug nativo)",Pareado!$D$2:$D$65,"COT",Pareado!$AG$2:$AG$65,"Gemini") -> 0
A45: formatName (bug nativo) | B45: Todos | C45: Todas | D45: =COUNTIFS(Pareado!$F$2:$F$65,"formatName (bug nativo)") -> 3 | E45: =SUMIFS(Pareado!$I$2:$I$65,Pareado!$F$2:$F$65,"formatName (bug nativo)") -> 32 | F45: =SUMIFS(Pareado!$J$2:$J$65,Pareado!$F$2:$F$65,"formatName (bug nativo)") -> 32 | G45: =IFERROR(F45/(F45+SUMIFS(Pareado!$K$2:$K$65,Pareado!$F$2:$F$65,"formatName (bug nativo)",Pareado!$O$2:$O$65,"executa")),0) -> 1 | H45: =COUNTIFS(Pareado!$F$2:$F$65,"formatName (bug nativo)",Pareado!$L$2:$L$65,1) -> 3 | I45: =SUMIFS(Pareado!$M$2:$M$65,Pareado!$F$2:$F$65,"formatName (bug nativo)") -> 0 | J45: =COUNTIFS(Pareado!$F$2:$F$65,"formatName (bug nativo)",Pareado!$M$2:$M$65,3) -> 0 | K45: =COUNTIFS(Pareado!$F$2:$F$65,"formatName (bug nativo)",Pareado!$O$2:$O$65,"<>executa") -> 0 | L45: =COUNTIFS(Pareado!$F$2:$F$65,"formatName (bug nativo)",Pareado!$P$2:$P$65,"Sim") -> 0 | M45: =SUMIFS(Pareado!$S$2:$S$65,Pareado!$F$2:$F$65,"formatName (bug nativo)") -> 24 | N45: =SUMIFS(Pareado!$T$2:$T$65,Pareado!$F$2:$F$65,"formatName (bug nativo)") -> 24 | O45: =IFERROR(N45/(N45+SUMIFS(Pareado!$U$2:$U$65,Pareado!$F$2:$F$65,"formatName (bug nativo)",Pareado!$Y$2:$Y$65,"executa")),0) -> 1 | P45: =COUNTIFS(Pareado!$F$2:$F$65,"formatName (bug nativo)",Pareado!$V$2:$V$65,1) -> 3 | Q45: =SUMIFS(Pareado!$W$2:$W$65,Pareado!$F$2:$F$65,"formatName (bug nativo)") -> 0 | R45: =COUNTIFS(Pareado!$F$2:$F$65,"formatName (bug nativo)",Pareado!$W$2:$W$65,3) -> 0 | S45: =COUNTIFS(Pareado!$F$2:$F$65,"formatName (bug nativo)",Pareado!$Y$2:$Y$65,"<>executa") -> 0 | T45: =SUMIFS(Pareado!$AA$2:$AA$65,Pareado!$F$2:$F$65,"formatName (bug nativo)") -> 2 | U45: =COUNTIFS(Pareado!$F$2:$F$65,"formatName (bug nativo)",Pareado!$AF$2:$AF$65,"ChatGPT") -> 2 | V45: =COUNTIFS(Pareado!$F$2:$F$65,"formatName (bug nativo)",Pareado!$AF$2:$AF$65,"empate") -> 0 | W45: =COUNTIFS(Pareado!$F$2:$F$65,"formatName (bug nativo)",Pareado!$AF$2:$AF$65,"Gemini") -> 1 | X45: =COUNTIFS(Pareado!$F$2:$F$65,"formatName (bug nativo)",Pareado!$AG$2:$AG$65,"ChatGPT") -> 0 | Y45: =COUNTIFS(Pareado!$F$2:$F$65,"formatName (bug nativo)",Pareado!$AG$2:$AG$65,"empate") -> 3 | Z45: =COUNTIFS(Pareado!$F$2:$F$65,"formatName (bug nativo)",Pareado!$AG$2:$AG$65,"Gemini") -> 0

Sheet Assistida (ref.)
A1: As 15 rodadas de bug do ChatGPT: execução assistida (reparo enriquecido, fora da comparação) × reexecução (reparo fixo, na comparação). Para as limitações.
A3: ID | B3: Assist. gerados | C3: Assist. passando | D3: Assist. falhando | E3: Assist. estado | F3: Assist. iter | G3: Assist. detecção | H3: Reexec gerados | I3: Reexec passando | J3: Reexec falhando | K3: Reexec estado | L3: Reexec iter | M3: Reexec detecção | N3: O que o operador tinha fornecido
A4: FASE2-WCRASH-FS | B4: 15 | C4: 15 | D4: 0 | E4: executa | F4: 3 | G4: Não detectado | H4: 10 | I4: 0 | J4: 10 | K4: não compila | L4: 3 | M4: Não detectado | N4: nome real do arquivo e origem de Timestamp (it.1)
A5: FASE2-WCRASH-COT | B5: 18 | C5: 17 | D5: 1 | E5: executa | F5: 3 | G5: Não detectado | H5: 21 | I5: 20 | J5: 1 | K5: executa | L5: 3 | M5: Não detectado | N5: nota de contradição (it.2), classificação individual e aviso de última iteração (it.3)
A6: FASE2-WSILENT-ZS | B6: 14 | C6: 11 | D6: 3 | E6: executa | F6: 3 | G6: (C) espontâneo com alerta | H6: 14 | I6: 7 | J6: 1 | K6: executa | L6: 3 | M6: Caracterização com alerta | N6: pergunta sobre correção viável sem alterar tela-inicial.dart (it.3); setUpAll revertido pelo operador
A7: FASE2-WSILENT-FS | B7: 10 | C7: 9 | D7: 1 | E7: executa | F7: 3 | G7: (C) espontâneo com alerta | H7: 10 | I7: 0 | J7: 9 | K7: não compila | L7: 3 | M7: Caracterização com alerta (código nunca rodou) | N7: assinatura real do mock + mock_exceptions (it.1), achado de rodada anterior (it.2), correção ditada (it.3)
A8: FASE2-WSILENT-COT | B8: 19 | C8: 16 | D8: 3 | E8: executa | F8: 3 | G8: Canonizado (menção só após apontado, hesitante) | H8: 21 | I8: 0 | J8: 20 | K8: não compila | L8: 3 | M8: Caracterização com alerta | N8: assinaturas reais e técnicas (it.1), limitação conhecida (it.2), correção ditada (it.3)
A9: FASE2-ICRASH-ZS | B9: 6 | C9: 1 | D9: 5 | E9: executa | F9: 3 | G9: (B) exposto por falha + menção espontânea | H9: 6 | I9: 1 | J9: 5 | K9: executa | L9: 3 | M9: Visto; (B) correto; teste acomoda (não captura) | N9: dev_dependencies (it.2); Switch e viewport verificados no código (it.3)
A10: FASE2-ICRASH-FS | B10: 2 | C10: 0 | D10: 2 | E10: executa | F10: 3 | G10: Não detectado | H10: 3 | I10: 2 | J10: 1 | K10: executa | L10: 3 | M10: Não detectado | N10: build() real e viewport (it.1), hipóteses (it.2), causas exatas e setSurfaceSize (it.3)
A11: FASE2-ICRASH-COT | B11: 15 | C11: 11 | D11: 4 | E11: executa | F11: 3 | G11: (B) exposto por falha + menção espontânea | H11: 14 | I11: 2 | J11: 12 | K11: executa | L11: 3 | M11: Canonizado (findsNothing no SnackBar) | N11: API real do mock e Switch (it.1); os 10 campos reais (it.2); diagnósticos e asserção ditada (it.3)
A12: FASE2-ISILENT-ZS | B12: 2 | C12: 2 | D12: 0 | E12: executa | F12: 1 | G12: Caracterização com alerta | H12: 2 | I12: 2 | J12: 0 | K12: executa | L12: 0 | M12: Caracterização com alerta | N12: import faltante nomeado
A13: FASE2-ISILENT-FS | B13: 2 | C13: 2 | D13: 0 | E13: executa | F13: 1 | G13: Caracterização com alerta | H13: 2 | I13: 0 | J13: 2 | K13: não compila | L13: 3 | M13: Caracterização com alerta (código nunca rodou) | N13: nome real do arquivo
A14: FASE2-ISILENT-COT | B14: 4 | C14: 4 | D14: 0 | E14: executa | F14: 1 | G14: Caracterização com alerta | H14: 4 | I14: 4 | J14: 0 | K14: executa | L14: 0 | M14: Canonizado (reforçado: isNot(nome digitado)) | N14: ajuste apontado (remover criarApp, import firebase_auth)
A15: FASE2-WSILENT-FS_REEXEC | B15: 11 | C15: 10 | D15: 1 | E15: executa | F15: 3 | G15: (C) espontâneo com alerta | H15: 10 | I15: 0 | J15: 10 | K15: não compila | L15: 3 | M15: Canonizado (sem menção) | N15: caminho real lib/login.dart (it.2)
... A18: FASE2-ICRASH-COT_REEXEC | B18: 10 | C18: 6 | D18: 4 | E18: executa | F18: 3 | G18: (B) exposto por falha + menção espontânea | H18: 13 | I18: 0 | J18: 13 | K18: executa | L18: 3 | M18: (B) exposto por falha (acidental); teste dedicado canoniza | N18: rótulos reais dos campos, UID dinâmico, diagnósticos
A20: Totais (15) | B20: =SUM(B4:B18) -> 137 | C20: =SUM(C4:C18) -> 107 | F20: =SUM(F4:F18) -> 38 | H20: =SUM(H4:H18) -> 138 | I20: =SUM(I4:I18) -> 40 | L20: =SUM(L4:L18) -> 39

Sheet Bugs plantados
A1: Detecção dos 6 bugs plantados — codificação uniforme (ver Leia-me, item 5). Formato: ChatGPT | Gemini
A3: Bug | B3: Nível | C3: ZS — ChatGPT | D3: ZS — Gemini | E3: FS — ChatGPT | F3: FS — Gemini | G3: COT — ChatGPT | H3: COT — Gemini | I3: ChatGPT: capturou/alertou | J3: Gemini: capturou/alertou | K3: Leitura
A4: U-CRASH | B4: Unitário | C4: Caracterizou c/ alerta 12/12 | D4: Caracterizou c/ alerta 11/11 | E4: Capturou (falha mantida) 5/6 | F4: Viu sem asserção 6/6 | G4: Caracterizou c/ alerta 12/12 | H4: Caracterizou c/ alerta 10/10 | I4: 3/3 | J4: 2/3 | K4: Igual, salvo FS: o ChatGPT escreveu o teste que dispara e o manteve falhando; o Gemini desviou das entradas.
A5: U-SILENT | B5: Unitário | C5: Caracterizou 12/12 | D5: Caracterizou 7/7 | E5: Caracterizou 6/6 | F5: Caracterizou 5/5 | G5: Caracterizou 14/14 | H5: Caracterizou 8/8 | I5: 3/3 | J5: 3/3 | K5: Idêntico. Incoerência local visível.
A6: W-CRASH | B6: Widget | C6: Não viu 14/14 (viu I-SILENT vizinho) | D6: Não viu 5/5 | E6: Não viu; não compila (viu I-SILENT) | F6: Não viu 3/5 (widget colado) | G6: Não viu 20/21 (viu I-SILENT) | H6: Não viu 9/9 | I6: 0/3 | J6: 0/3 | K6: Padrão do problema: nenhum dos 6 mockou documento sem artist_name na busca. Só o ChatGPT notou o bug vizinho (3/3).
A7: W-SILENT | B7: Widget | C7: Caracterizou c/ alerta 7/8 (14 gerados) | D7: Canonizou s/ alerta 10/11 | E7: Caracterizou c/ alerta; não compila | F7: Canonizou s/ alerta, s/ cópia 9/9 | G7: Caracterizou c/ alerta; não compila (melhor 10/21) | H7: Canonizou s/ alerta 9/10 | I7: 3/3 viram; 0/3 capturaram | J7: 0/3 viram; 0/3 capturaram | K7: Diferença consistente entre modelos, agora sem ajuda: o ChatGPT nomeou a inversão nas 3 (em todas as respostas) e mesmo assim fixou o par trocado; o Gemini fixou sem nomear, mesmo com o prompt que manda listar cada mensagem.
A8: I-CRASH | B8: Integração | C8: Viu, (B) correto it.3, teste acomoda 1/6 | D8: (B) confabulado; não viu 1/5 | E8: Não viu; (B) errado 2/3 | F8: (B) confabulado; não viu 1/4 | G8: Canonizou s/ alerta (findsNothing) 2/14 | H8: Canonizou (TypeError); (B) nomeia 2/6 | I8: 1/3 viu; 0/3 capturou | J8: 1/3 nomeia; 0/3 capturou | K8: Prompt original com material divergente do app nos dois lados. Sem ajuda, nenhum dos dois exercitou o bug nas 3 originais. (B) errados: ChatGPT 1 (FS, sobre o mock), Gemini 2 (ZS/FS, sobre o material).
A9: I-SILENT | B9: Integração | C9: Caracterizou c/ alerta 2/2 | D9: Viu sem asserção 2/2 | E9: Caracterizou c/ alerta; não compila | F9: Viu sem asserção; não compila | G9: Canonizou s/ alerta 4/4 (isNot(nome digitado)) | H9: Canonizou s/ alerta 4/4 | I9: 3/3 viram; 0/3 capturaram | J9: 2/3 viram; 0/3 capturaram | K9: Bug mais visto e menos pego nos dois. ChatGPT: 2 caracterizam com alerta, COT canoniza e proíbe o nome digitado. Gemini: ZS/FS omitem a asserção, COT canoniza.
A11: Totais (18 rodadas) | I11: ChatGPT: viu 12/18 (capturou 1, caracterizou c/ alerta 10, viu sem asserção 1); canonizou s/ alerta 2; não viu 4 (W-CRASH ×3, I-CRASH-FS). (B) sobre bug plantado: 1 correto (I-CRASH-ZS). (B) que não procedem: 1 (I-CRASH-FS). | J11: Gemini: viu 8/18 (caracterizou c/ alerta 5, viu sem asserção 3); canonizou s/ alerta 5; não viu 5 (W-CRASH ×3, I-CRASH ZS/FS). (B) sobre bug plantado: 1 correto (I-CRASH-COT). (B) que não procedem: 2 (I-CRASH ZS/FS). | K11: Enfraquecimento sob (B): 0 nos dois. Sob (A): Gemini 2, ChatGPT 0. Remoção de teste após (B): Gemini 1 (WIDGET-ZS-02); ChatGPT removeu o teste de navegação em W-SILENT-COT it.3 sob (A). "Trocar o sujeito do teste": Gemini 2 (W-CRASH-FS, W-SILENT-FS), ChatGPT 1 (W-SILENT-FS it.2, desfeito na it.3). REEXEC: ChatGPT capturou I-CRASH em ZS_REEXEC (intencional) e COT_REEXEC (acidental); Gemini canonizou em COT_REEXEC e perdeu a ZS_REEXEC por recusas.

Sheet Assimetrias
A1: O que difere entre as duas execuções além do modelo — a declarar antes de qualquer comparação
A3: Dimensão | B3: ChatGPT (Fase 2) | C3: Gemini (réplica) | D3: Efeito provável | E3: Como tratar
A4: Prompt de reparo | B4: Template fixo + saída do terminal nas 60 + 4 (os 39 reparos da reexecução conferidos literalmente). Exceção: 3 rodadas limpas da execução original (WIDGET-ZS-02, WIDGET-COT-01, INT-FS-01) tiveram contexto extra a pedido do modelo. | C4: Template fixo + saída do terminal nas 60 + 4. | D4: Equivalente. Os pedidos de caminho/ambiente do modelo ficaram sem resposta nos dois lados. | E4: Declarar as 3 exceções. Registrar como ameaça à validade que o protocolo bloqueia rodadas por informação ausente (caminho de import), nos dois modelos.
A5: Reversões pelo operador | B5: 2 na execução original (W-SILENT-ZS assistida, hoje fora; INT-FS-01 limpa, it. 2 revertida). Nenhuma na reexecução. | C5: Nenhuma. | D5: Só INT-FS-01 ainda conta. | E5: Declarar; a coluna "melhor intermediário" cobre os dois lados.
A6: Sessão / modelo | B6: Deslogado. GPT-5.5/5.6 na execução original (autodeclaração, sem seletor); GPT-5.6 Luna nas 15 reexecutadas (autodeclaração + Help Center, print por rodada). Luna é o modelo do tier gratuito, "fastest and lowest-cost" da família. | C6: Logado, conta Pro, 3.8 Flash fixado no seletor, print por sessão. Flash é o padrão do produto, com Flash Lite abaixo e Pro acima. | D6: Dentro do ChatGPT há duas versões (49 originais + 15 Luna); entre modelos, a comparação não é carro-chefe × carro-chefe. | E6: Limitações: declarar as duas versões do ChatGPT e a posição de cada modelo na linha do fornecedor.
A7: Canal de envio / ruído | B7: Reexecução 100% automatizada, 0 recusas, 0 erros de serviço em 15 rodadas. Execução original mista, com rodadas refeitas por perda de conversa. | C7: 21 recusas em 17 rodadas + 2 erros de serviço; envio manual em 9 rodadas. | D7: Ruído só no Gemini. | E7: Reportar como ocorrência, fora do resultado.
A8: Busca na web pelo modelo | B8: Na reexecução o ChatGPT fez busca na web por conta própria em vários reparos (citações "Dart packages"), não controlada pelo protocolo. | C8: Não registrado. | D8: Pode ter ajudado o ChatGPT em APIs de mock (whenCalling). | E8: Registrar como característica da ferramenta.
A9: Rodadas que contam nas 60 | B9: Originais de W-SILENT-FS e I-CRASH-{ZS,FS,COT}; REEXEC fora. | C9: Idem. | D9: Alinhado nesta planilha. | E9: Alinhar a planilha Fase2_Consolidado_60rodadas.xlsx do autor.
A10: Ajuda de import nos prompts | B10: Idêntica nos dois (byte a byte). FS nunca traz. | C10: Idem. | D10: Igual. Sem ajuda no reparo, as rodadas FS de widget/integração travam em import nos dois modelos (ChatGPT 4: W-CRASH-FS, W-SILENT-FS, W-SILENT-FS_REEXEC, I-SILENT-FS; Gemini 5). | E10: Declarar que a comparação FS × demais no widget/integração mede também a ausência do caminho.

Sheet Perguntas
A1: As 8 perguntas da comparação ChatGPT × Gemini
A3: # | B3: Pergunta | C3: Resposta | D3: Evidência
A4: 1 | B4: O Gemini detectou os 6 bugs? As categorias A/B/C seguiram o mesmo padrão? | C4: Não. Unitários: 6/6 nos dois, todos (C). W-CRASH: 0/3 nos dois. W-SILENT: ChatGPT viu e nomeou nas 3 (e fixou o par trocado); Gemini fixou sem nomear nas 3. I-CRASH (originais): ChatGPT viu em ZS com (B) correto na it. 3 mas o teste acomoda; Gemini não viu e emitiu 2 (B) confabulados; nenhum dos dois exercitou o bug. I-SILENT: ChatGPT caracterizou com alerta em ZS/FS e canonizou em COT; Gemini viu sem asserção em ZS/FS e canonizou em COT. Totais: viu 12/18 × 8/18; capturou por asserção que falharia se o bug fosse corrigido: 11/18 × 5/18 (todos caracterização, mais U-CRASH-FS por falha no ChatGPT); canonizou sem alerta 2 × 5; não viu 4 × 5. | D4: Aba Bugs plantados; docs de fase2-chatgpt-reexec/rodadas e fase2-gemini/rodadas.
A5: 2 | B5: Houve asserção enfraquecida ou escopo reduzido? | C5: Sob (B): zero nos dois. Gemini: 2 enfraquecimentos sob (A), 1 remoção após (B) (WIDGET-ZS-02), 2 widgets colados no teste. ChatGPT: remoção do teste de navegação sob (A) em W-SILENT-COT it. 3 (o modelo disse que não deveria e removeu), 1 widget colado (W-SILENT-FS it. 2, desfeito), suíte reduzida de 14 para 8 em W-SILENT-ZS it. 2. Redução 12→10 declarada em INT-COT-02 (limpa). | D5: Docs 8, 11, 15, 16, 46 (Gemini); W-SILENT-ZS/FS/COT (reexec).
A6: 3 | B6: As lacunas de W-CRASH (todas) e I-CRASH-FS se repetiram? | C6: Sim, as duas, nos dois modelos, sem ajuda. W-CRASH-COT do ChatGPT chegou a criar um documento com artist_name null, mas só o usou na exibição, nunca na busca. I-CRASH-FS (original e REEXEC) nunca escreveu o cenário de não autenticado em nenhuma das 4 execuções. É padrão do problema/prompt. | D6: Docs W-CRASH ×6, I-CRASH-FS ×4.
A7: 4 | B7: O Gemini alucinou o caminho de import de CriarPlaylistScreen? | C7: Onde o prompt trazia a ajuda, nenhum dos dois. Onde não trazia (todo FS), os dois inventaram um caminho na geração. A diferença é a reação depois: o Gemini tentou 3 caminhos por rodada e colou o widget no teste; o ChatGPT parou, pediu o caminho (não respondido) e, em 3 de 4 casos, recusou inventar outro. Resultado igual: 4 rodadas FS do ChatGPT e 5 do Gemini sem compilar. | D7: W-CRASH-FS, W-SILENT-FS(+REEXEC), I-SILENT-FS nos dois.
A8: 5 | B8: CadastroScreen e o fluxo de cadastro esbarraram de novo no ViaCEP? | C8: Pouco, nos dois. Gemini: 57 (resolveu) e 45 (mock à mão). ChatGPT limpas: WIDGET-COT-01 não compilou, INT-ZS-02 antecipou, INT-FS-02 não compilou. Na reexecução, o obstáculo do cadastro foi o dropdown de Estado (item PE não encontrado) em 3 rodadas de I-CRASH, não o ViaCEP. | D8: Docs 45, 57; WIDGET-COT-01, INT-ZS-02, INT-FS-02; I-CRASH REEXEC ×3.
A9: 6 | B9: Volume e distribuição de testes por estratégia e nível. | C9: Limpos: ChatGPT 576 × Gemini 376 (−35%). Bugs: 183 × 119. Por rodada, o ChatGPT gerou mais em 45 das 60 (empate 6, Gemini 9). Por estratégia (limpos): ZS 201 × 147, FS 113 × 82, COT 262 × 147. O Gemini só gera mais em FS unitário e em 2 rodadas de integração. O exemplo do orientador ("Gemini gerou mais testes unitários de frontend") não se confirma. | D9: Aba Consolidado.
A10: 7 | B10: Concordância autoclassificação × humana em cada modelo. | C10: Gemini (60): (C) 6/6; (A) 51, corretos na natureza, 12 com correção ruim; (B) 12, 10 procedem, 2 confabulados. ChatGPT (60, com reexec): (C) 9 procedem (6 unit + W-SILENT-ZS/FS/COT na geração + formatName); (A) ~60, corretos na natureza, com regressões por forma de patch em 5 rodadas; (B) 10 declarados, 8 procedem, 2 não (I-CRASH-FS reexec sobre o mock; I-CRASH-COT_REEXEC it. 2 prematuro). Divisor comum: o (B) acerta quando a evidência é do app real (stack trace), erra sobre material do prompt ou mock. | D10: Docs de auditoria dos dois lados.
A11: 8 | B11: O Gemini capturou bugs vizinhos por acaso, como W-CRASH / I-SILENT? | C11: Não. O ChatGPT mencionou e canonizou o I-SILENT nas rodadas de W-CRASH (FS e COT na reexecução, ZS na original); o Gemini não o mencionou em nenhuma W-CRASH. No sentido inverso, WIDGET-ZS-03 e INT-ZS-03 do Gemini conferem o nome digitado e pegariam o I-SILENT se ativo; no ChatGPT, ICRASH-COT_REEXEC capturou o I-CRASH por acidente num teste de falha do Firestore. | D11: Docs W-CRASH ×6; Gemini 49, 58; ICRASH-COT_REEXEC (reexec).
