Workbook

Sheet Leia-me
A1: Réplica Fase 2 — Gemini 3.8 Flash · consolidado das 60 rodadas (+4 reexecuções)
A2: Fonte: fase2-gemini-consolidado (2026-09-24): 64 docs de rodada, 134 saídas de flutter test, 70 arquivos de teste. Nenhum arquivo do pacote foi alterado.
A4: Regras de contagem aplicadas
A5: 1. As 4 rodadas _REEXEC estão na aba Rodadas com grupo "REEXEC" e ficam FORA de toda agregação das 60.
A6: 2. formatName (3 rodadas) tem grupo próprio "formatName (bug nativo)" — não entra nos alvos limpos nem nos bugs plantados.
A7: 3. Alvos limpos na contagem: 21 unitário + 9 widget + 9 integração = 39. Bugs plantados: 18. formatName: 3. Total 60.
A8: 4. "Testes passando (final)" = estado arquivado após a última iteração usada. Quando o arquivo final não compila/não carrega, vale 0 e a coluna "Estado final" diz por quê; o melhor estado intermediário fica em "Melhor intermediário".
A9: 5. "Iterações" = iterações de reparo efetivamente usadas (0–3). "Tentativas" = envios até obter resposta na geração (recusas + erros de serviço + 1). Recusas em reparo (rodada 51) somadas em Tentativas.
A10: 6. "Ajuda de import" = prompt traz a linha de import real (6 prompts limpos de CriarPlaylistScreen/playlistFlow + W-CRASH-{ZS,COT} + I-SILENT-{ZS,COT}). Todo prompt FS NÃO traz. Rodadas 13, 14, 15 usam prompt com material divergente do app (defeituoso).
A11: 7. "Avaliação" = auditoria humana registrada nos docs de rodada, se cada autoclassificação (A)/(B)/(C) procede.
A12: 8. Taxa de aprovação e qualidade de diagnóstico são dimensões separadas — ver aba Consolidado (colunas de aprovação) e aba Classificações (colunas de diagnóstico). Não somar limpo com bug plantado.
A14: Abas
... A16: Coluna "Ajuda de import" corrigida em 2026-10-08 (fase2-gemini/analise/ajuda_import.md): 10 prompts de bug com linha import package:sintonize/ (9 + 1 genérico), 5 com caminho só em prosa/comentário, 3 sem nada (W-CRASH-FS, W-SILENT-FS, I-SILENT-FS). A contagem "4" do LEIA-PRIMEIRO referia-se só à linha de criar_playlist.dart.

Sheet Rodadas
A1: # | B1: ID da rodada | C1: Nível | D1: Estratégia | E1: Alvo | F1: Grupo | G1: Bug | H1: Ajuda de import | I1: Compilou na 1ª | J1: Testes gerados | K1: Passando (final) | L1: Falhando (final) | M1: Estado final | N1: Melhor intermediário | O1: Iterações de reparo | P1: Tentativas de envio | Q1: Recusas | R1: Erros de serviço | S1: Autoclassificações | T1: Avaliação da auditoria | U1: Detecção do bug | V1: Notas
A2: 1 | B2: FASE2-UCRASH-ZS | C2: Unitário | D2: ZS | E2: capitalize | F2: Bug plantado | G2: U-CRASH | H2: Só em prosa/comentário | I2: Sim | J2: 11 | K2: 11 | L2: 0 | M2: executa | N2: — | O2: 0 | P2: 1 | Q2: 0 | R2: 0 | S2: (C) | T2: Procede — (C) confirmado com 3 asserções throwsA | U2: (C) com asserção | V2: Contradisse a docstring, testou 3 variantes e propôs a guarda exata.
A3: 2 | B3: FASE2-UCRASH-FS | C3: Unitário | D3: FS | E3: capitalize | F3: Bug plantado | G3: U-CRASH | H3: Só em prosa/comentário | I3: Sim | J3: 6 | K3: 6 | L3: 0 | M3: executa | N3: — | O3: 0 | P3: 1 | Q3: 0 | R3: 0 | S3: (C) | T3: Procede na categoria; (C) só em prosa, 0 asserções capturam o bug | U3: (C) só em prosa | V3: Suíte passa porque desvia das entradas que disparam o bug. Exemplos FS só usam isNull/isNotNull.
A4: 3 | B4: FASE2-UCRASH-COT | C4: Unitário | D4: COT | E4: capitalize | F4: Bug plantado | G4: U-CRASH | H4: Sim (linha import) | I4: Sim | J4: 10 | K4: 10 | L4: 0 | M4: executa | N4: — | O4: 0 | P4: 1 | Q4: 0 | R4: 0 | S4: (C) | T4: Procede — detecção no passo de análise, 3 asserções | U4: (C) com asserção | V4: Mesmas 3 entradas da ZS; prosa com formatação corrompida.
A5: 4 | B5: FASE2-USILENT-ZS | C5: Unitário | D5: ZS | E5: validateSenha | F5: Bug plantado | G5: U-SILENT | H5: Só em prosa/comentário | I5: Sim | J5: 7 | K5: 7 | L5: 0 | M5: executa | N5: — | O5: 0 | P5: 1 | Q5: 0 | R5: 0 | S5: (C) | T5: Procede — teste de borda dedicado a 6 chars | U5: (C) com asserção | V5: Declarou a política "testar o código, não a especificação" e apontou a correção (< 6).
A6: 5 | B6: FASE2-USILENT-FS | C6: Unitário | D6: FS | E6: validateSenha | F6: Bug plantado | G6: U-SILENT | H6: Só em prosa/comentário | I6: Sim | J6: 5 | K6: 5 | L6: 0 | M6: executa | N6: — | O6: 0 | P6: 1 | Q6: 0 | R6: 0 | S6: (C) | T6: Procede — asserção dedicada | U6: (C) com asserção | V6: Forma de asserção necessária (comparação de string) estava nos exemplos; capturou.
A7: 6 | B7: FASE2-USILENT-COT | C7: Unitário | D7: COT | E7: validateSenha | F7: Bug plantado | G7: U-SILENT | H7: Sim (linha import) | I7: Sim | J7: 8 | K7: 8 | L7: 0 | M7: executa | N7: — | O7: 0 | P7: 2 | Q7: 1 | R7: 0 | S7: (C) | T7: Procede — asserção dedicada | U7: (C) com asserção | V7: 1ª recusa em 3.8 Flash, prompt de geração. Primeira rodada automatizada.
A8: 7 | B8: FASE2-WCRASH-ZS | C8: Widget | D8: ZS | E8: CriarPlaylistScreen | F8: Bug plantado | G8: W-CRASH | H8: Sim (linha import) | I8: Sim | J8: 5 | K8: 5 | L8: 0 | M8: executa | N8: — | O8: 0 | P8: 2 | Q8: 1 | R8: 0 | S8: — | T8: n/a (sem reparo, sem (C)) | U8: Não detectado | V8: Testa _filterMusicas mas todos os mocks têm artist_name.
A9: 8 | B9: FASE2-WCRASH-FS | C9: Widget | D9: FS | E9: CriarPlaylistScreen | F9: Bug plantado | G9: W-CRASH | H9: Não | I9: Não | J9: 5 | K9: 3 | L9: 2 | M9: executa | N9: — | O9: 3 | P9: 1 | Q9: 0 | R9: 0 | S9: (A); (A); (A) | T9: Categoria correta nas 3; correções erradas (3 caminhos inventados); iteração 3 colou o widget no teste → suíte não testa a aplicação | U9: Não detectado | V9: Regressão introduzida na iter 2 (findsOneWidget→findsNothing). Execução anterior com 2 recusas perdida, fora da contagem.
A10: 9 | B10: FASE2-WCRASH-COT | C10: Widget | D10: COT | E10: CriarPlaylistScreen | F10: Bug plantado | G10: W-CRASH | H10: Sim (linha import) | I10: Sim | J10: 9 | K10: 9 | L10: 0 | M10: executa | N10: — | O10: 0 | P10: 1 | Q10: 0 | R10: 0 | S10: — | T10: n/a | U10: Não detectado | V10: Suíte mais sofisticada do bloco (mocks gerados, navegação); "cenários de erro" lido só como infraestrutura.
A11: 10 | B11: FASE2-WSILENT-ZS | C11: Widget | D11: ZS | E11: LoginScreen | F11: Bug plantado | G11: W-SILENT | H11: Sim (linha import) | I11: Sim | J11: 11 | K11: 10 | L11: 1 | M11: executa | N11: — | O11: 2 | P11: 1 | Q11: 0 | R11: 0 | S11: (A); (B) | T11: (A) procede. (B) procede como limitação de testabilidade (TelaInicialScreen acopla FirebaseAuth.instance) — real, mas não é o bug plantado | U11: Canonizado | V11: 4 testes de mensagem passam asserindo as strings trocadas; corrigir o bug quebraria 2 testes.
A12: 11 | B12: FASE2-WSILENT-FS | C12: Widget | D12: FS | E12: LoginScreen | F12: Bug plantado | G12: W-SILENT | H12: Não | I12: Não | J12: 9 | K12: 9 | L12: 0 | M12: executa | N12: — | O12: 2 | P12: 1 | Q12: 0 | R12: 0 | S12: (A); (A) | T12: Diagnósticos corretos; correção da iter 2 colou LoginScreen no teste → suíte não testa a aplicação | U12: Canonizado (sobre cópia) | V12: Copiou a API inexistente do exemplo (authExceptions) e descartou a asserção do exemplo que exporia o bug.
A13: 12 | B13: FASE2-WSILENT-COT | C13: Widget | D13: COT | E13: LoginScreen | F13: Bug plantado | G13: W-SILENT | H13: Sim (linha import) | I13: Sim | J13: 10 | K13: 9 | L13: 1 | M13: executa | N13: — | O13: 1 | P13: 1 | Q13: 0 | R13: 0 | S13: (B) | T13: Procede (TelaInicialScreen) — não é o bug plantado | U13: Canonizado | V13: Enunciou o par invertido no passo de análise e chamou de "correta". Prompt mais favorável do experimento.
... A19: 18 | B19: FASE2-ISILENT-COT | C19: Integração | D19: COT | E19: CriarPlaylistScreen | F19: Bug plantado | G19: I-SILENT | H19: Sim (linha import) | I19: Não | J19: 4 | K19: 4 | L19: 0 | M19: executa | N19: — | O19: 1 | P19: 1 | Q19: 0 | R19: 0 | S19: (A) | T19: Procede | U19: Canonizado | V19: expect(nome, equals("Nova Playlist")) — canonização mais explícita da réplica. Mencionou o bug 2x como "nota técnica".
A20: 19 | B20: FASE2-UNIT-ZS-01_validateNome | C20: Unitário | D20: ZS | E20: validateNome | F20: Limpo | G20: — | H20: n/a | I20: Sim | J20: 13 | K20: 13 | L20: 0 | M20: executa | N20: — | O20: 0 | P20: 2 | Q20: 1 | R20: 0 | S20: — | T20: n/a (sem reparo) | U20: —
A21: 20 | B21: FASE2-UNIT-FS-01_validateNome | C21: Unitário | D21: FS | E21: validateNome | F21: Limpo | G21: — | H21: n/a | I21: Sim | J21: 7 | K21: 7 | L21: 0 | M21: executa | N21: — | O21: 0 | P21: 2 | Q21: 1 | R21: 0 | S21: — | T21: n/a (sem reparo) | U21: — | V21: Resposta truncada e recomeçada
A22: 21 | B22: FASE2-UNIT-COT-01_validateNome | C22: Unitário | D22: COT | E22: validateNome | F22: Limpo | G22: — | H22: n/a | I22: Sim | J22: 11 | K22: 11 | L22: 0 | M22: executa | N22: — | O22: 0 | P22: 2 | Q22: 1 | R22: 0 | S22: — | T22: n/a (sem reparo) | U22: — | V22: Resposta truncada e recomeçada
A23: 22 | B23: FASE2-UNIT-ZS-03_validateNumero | C23: Unitário | D23: ZS | E23: validateNumero | F23: Limpo | G23: — | H23: n/a | I23: Sim | J23: 13 | K23: 13 | L23: 0 | M23: executa | N23: — | O23: 1 | P23: 1 | Q23: 0 | R23: 0 | S23: (A) | T23: Procede — premissa falsa sobre int.tryParse | U23: —
A24: 23 | B24: FASE2-UNIT-FS-03_validateNumero | C24: Unitário | D24: FS | E24: validateNumero | F24: Limpo | G24: — | H24: n/a | I24: Sim | J24: 6 | K24: 6 | L24: 0 | M24: executa | N24: — | O24: 0 | P24: 1 | Q24: 0 | R24: 0 | S24: — | T24: n/a (sem reparo) | U24: —
A25: 24 | B25: FASE2-UNIT-COT-03_validateNumero | C25: Unitário | D25: COT | E25: validateNumero | F25: Limpo | G25: — | H25: n/a | I25: Sim | J25: 13 | K25: 13 | L25: 0 | M25: executa | N25: — | O25: 1 | P25: 1 | Q25: 0 | R25: 0 | S25: (A) | T25: Procede — mesma premissa falsa sobre int.tryParse | U25: —
A26: 25 | B26: FASE2-UNIT-ZS-04_validateCEP | C26: Unitário | D26: ZS | E26: validateCEP | F26: Limpo | G26: — | H26: n/a | I26: Sim | J26: 12 | K26: 12 | L26: 0 | M26: executa | N26: — | O26: 0 | P26: 1 | Q26: 0 | R26: 0 | S26: — | T26: n/a (sem reparo) | U26: —
A27: 26 | B27: FASE2-UNIT-FS-04_validateCEP | C27: Unitário | D27: FS | E27: validateCEP | F27: Limpo | G27: — | H27: n/a | I27: Sim | J27: 8 | K27: 8 | L27: 0 | M27: executa | N27: — | O27: 0 | P27: 1 | Q27: 0 | R27: 0 | S27: — | T27: n/a (sem reparo) | U27: — | V27: Resposta truncada e recomeçada
A28: 27 | B28: FASE2-UNIT-COT-04_validateCEP | C28: Unitário | D28: COT | E28: validateCEP | F28: Limpo | G28: — | H28: n/a | I28: Sim | J28: 12 | K28: 12 | L28: 0 | M28: executa | N28: — | O28: 0 | P28: 2 | Q28: 0 | R28: 1 | S28: — | T28: n/a (sem reparo) | U28: — | V28: Erro de serviço 1096 na tentativa 1
A29: 28 | B29: FASE2-UNIT-ZS-05_validateEmail | C29: Unitário | D29: ZS | E29: validateEmail | F29: Limpo | G29: — | H29: n/a | I29: Sim | J29: 26 | K29: 26 | L29: 0 | M29: executa | N29: — | O29: 0 | P29: 2 | Q29: 1 | R29: 0 | S29: — | T29: n/a (sem reparo) | U29: —
A30: 29 | B30: FASE2-UNIT-FS-05_validateEmail | C30: Unitário | D30: FS | E30: validateEmail | F30: Limpo | G30: — | H30: n/a | I30: Sim | J30: 8 | K30: 8 | L30: 0 | M30: executa | N30: — | O30: 0 | P30: 1 | Q30: 0 | R30: 0 | S30: — | T30: n/a (sem reparo) | U30: —
A31: 30 | B31: FASE2-UNIT-COT-05_validateEmail | C31: Unitário | D31: COT | E31: validateEmail | F31: Limpo | G31: — | H31: n/a | I31: Sim | J31: 15 | K31: 15 | L31: 0 | M31: executa | N31: — | O31: 0 | P31: 2 | Q31: 1 | R31: 0 | S31: — | T31: n/a (sem reparo) | U31: —
A32: 31 | B32: FASE2-UNIT-ZS-06_validateEmailLogin | C32: Unitário | D32: ZS | E32: validateEmailLogin | F32: Limpo | G32: — | H32: n/a | I32: Sim | J32: 11 | K32: 11 | L32: 0 | M32: executa | N32: — | O32: 0 | P32: 1 | Q32: 0 | R32: 0 | S32: — | T32: n/a (sem reparo) | U32: — | V32: Resposta truncada e recomeçada
A33: 32 | B33: FASE2-UNIT-FS-06_validateEmailLogin | C33: Unitário | D33: FS | E33: validateEmailLogin | F33: Limpo | G33: — | H33: n/a | I33: Sim | J33: 8 | K33: 8 | L33: 0 | M33: executa | N33: — | O33: 0 | P33: 1 | Q33: 0 | R33: 0 | S33: — | T33: n/a (sem reparo) | U33: — | V33: Resposta truncada e recomeçada
A34: 33 | B34: FASE2-UNIT-COT-06_validateEmailLogin | C34: Unitário | D34: COT | E34: validateEmailLogin | F34: Limpo | G34: — | H34: n/a | I34: Sim | J34: 11 | K34: 11 | L34: 0 | M34: executa | N34: — | O34: 0 | P34: 1 | Q34: 0 | R34: 0 | S34: — | T34: cenário listado e não testado | U34: —
A35: 34 | B35: FASE2-UNIT-ZS-07_validateEmailEdit | C35: Unitário | D35: ZS | E35: validateEmailEdit | F35: Limpo | G35: — | H35: n/a | I35: Sim | J35: 16 | K35: 16 | L35: 0 | M35: executa | N35: — | O35: 0 | P35: 1 | Q35: 0 | R35: 0 | S35: — | T35: n/a (sem reparo) | U35: —
A36: 35 | B36: FASE2-UNIT-FS-07_validateEmailEdit | C36: Unitário | D36: FS | E36: validateEmailEdit | F36: Limpo | G36: — | H36: n/a | I36: Sim | J36: 7 | K36: 7 | L36: 0 | M36: executa | N36: — | O36: 0 | P36: 2 | Q36: 1 | R36: 0 | S36: — | T36: n/a (sem reparo) | U36: —
A37: 36 | B37: FASE2-UNIT-COT-07_validateEmailEdit | C37: Unitário | D37: COT | E37: validateEmailEdit | F37: Limpo | G37: — | H37: n/a | I37: Sim | J37: 16 | K37: 16 | L37: 0 | M37: executa | N37: — | O37: 0 | P37: 1 | Q37: 0 | R37: 0 | S37: — | T37: n/a (sem reparo) | U37: —
A38: 37 | B38: FASE2-UNIT-ZS-08_formatName | C38: Unitário | D38: ZS | E38: formatName | F38: formatName (bug nativo) | G38: — | H38: n/a | I38: Sim | J38: 10 | K38: 10 | L38: 0 | M38: executa | N38: — | O38: 0 | P38: 3 | Q38: 2 | R38: 0 | S38: — | T38: n/a (sem reparo) | U38: — | V38: RangeError canonizado (3 testes)
A39: 38 | B39: FASE2-UNIT-FS-08_formatName | C39: Unitário | D39: FS | E39: formatName | F39: formatName (bug nativo) | G39: — | H39: n/a | I39: Sim | J39: 5 | K39: 5 | L39: 0 | M39: executa | N39: — | O39: 0 | P39: 1 | Q39: 0 | R39: 0 | S39: — | T39: n/a (sem reparo) | U39: — | V39: RangeError só em prosa
A40: 39 | B40: FASE2-UNIT-COT-08_formatName | C40: Unitário | D40: COT | E40: formatName | F40: formatName (bug nativo) | G40: — | H40: n/a | I40: Sim | J40: 9 | K40: 9 | L40: 0 | M40: executa | N40: — | O40: 0 | P40: 1 | Q40: 0 | R40: 0 | S40: — | T40: n/a (sem reparo) | U40: — | V40: Resposta truncada e recomeçada; RangeError canonizado (2 testes)
A41: 40 | B41: FASE2-UNIT-ZS-10_validateDate | C41: Unitário | D41: ZS | E41: validateDate | F41: Limpo | G41: — | H41: n/a | I41: Sim | J41: 23 | K41: 23 | L41: 0 | M41: executa | N41: — | O41: 0 | P41: 3 | Q41: 2 | R41: 0 | S41: — | T41: n/a (sem reparo) | U41: —
A42: 41 | B42: FASE2-UNIT-FS-10_validateDate | C42: Unitário | D42: FS | E42: validateDate | F42: Limpo | G42: — | H42: n/a | I42: Sim | J42: 9 | K42: 9 | L42: 0 | M42: executa | N42: — | O42: 0 | P42: 1 | Q42: 0 | R42: 0 | S42: — | T42: só isNotNull, mensagens não conferidas | U42: —
A43: 42 | B43: FASE2-UNIT-COT-10_validateDate | C43: Unitário | D43: COT | E43: validateDate | F43: Limpo | G43: — | H43: n/a | I43: Sim | J43: 19 | K43: 19 | L43: 0 | M43: executa | N43: — | O43: 0 | P43: 3 | Q43: 2 | R43: 0 | S43: — | T43: n/a (sem reparo) | U43: —
A44: 43 | B44: FASE2-WIDGET-ZS-01_CadastroScreen | C44: Widget | D44: ZS | E44: CadastroScreen | F44: Limpo | G44: — | H44: Não | I44: Sim | J44: 6 | K44: 6 | L44: 0 | M44: executa | N44: — | O44: 2 | P44: 1 | Q44: 0 | R44: 0 | S44: (A); (A) | T44: Procedem (seletor ambíguo por Column; viewport 800×600) | U44: — | V44: Resposta truncada e recomeçada na geração.
A45: 44 | B45: FASE2-WIDGET-FS-01_CadastroScreen | C45: Widget | D45: FS | E45: CadastroScreen | F45: Limpo | G45: — | H45: Não | I45: Sim | J45: 7 | K45: 7 | L45: 0 | M45: executa | N45: — | O45: 2 | P45: 2 | Q45: 1 | R45: 0 | S45: (A); (A) | T45: Procedem | U45: — | V45: Mesmo seletor ambíguo da ZS, gerado de forma independente.
A46: 45 | B46: FASE2-WIDGET-COT-01_CadastroScreen | C46: Widget | D46: COT | E46: CadastroScreen | F46: Limpo | G46: — | H46: Não | I46: Não | J46: 10 | K46: 0 | L46: 10 | M46: executa | N46: — | O46: 3 | P46: 1 | Q46: 0 | R46: 0 | S46: (A); (A); (A) | T46: Procedem na natureza; 3 reparos gastos num mock de asset que o próprio passo de análise inventou | U46: — | V46: Regressão na iter 2 (removeu import necessário). ViaCEP mockado com HttpOverrides à mão.
A47: 46 | B47: FASE2-WIDGET-ZS-02_LoginScreen | C47: Widget | D47: ZS | E47: LoginScreen | F47: Limpo | G47: — | H47: Não | I47: Sim | J47: 8 | K47: 8 | L47: 0 | M47: executa | N47: — | O47: 3 | P47: 1 | Q47: 0 | R47: 0 | S47: (B)+(A); (A); (A) | T47: (B) procede (TelaInicialScreen) — MAS o teste classificado (B) foi REMOVIDO da suíte (redução de escopo, contra o prompt de reparo) | U47: — | V47: Suíte final verde porque não exercita o caminho feliz.
A48: 47 | B48: FASE2-WIDGET-FS-02_LoginScreen | C48: Widget | D48: FS | E48: LoginScreen | F48: Limpo | G48: — | H48: Não | I48: Sim | J48: 9 | K48: 9 | L48: 0 | M48: executa | N48: — | O48: 1 | P48: 2 | Q48: 1 | R48: 0 | S48: (B)+(A) | T48: Procedem; (B) seguido de contorno no ambiente de teste (plataforma Firebase falsa) mantendo o teste | U48: — | V48: Primeira vez, nas duas LLMs, que LoginScreen→TelaInicialScreen fica verde.
A49: 48 | B49: FASE2-WIDGET-COT-02_LoginScreen | C49: Widget | D49: COT | E49: LoginScreen | F49: Limpo | G49: — | H49: Não | I49: Não | J49: 11 | K49: 10 | L49: 1 | M49: executa | N49: — | O49: 3 | P49: 2 | Q49: 1 | R49: 0 | S49: (A); (A)+(B); (B) | T49: Procedem; (B) mantido sem alterar o teste (aderência literal ao protocolo) | U49: — | V49: .mocks.dart com nome presumido queimou a iter 0.
A50: 49 | B50: FASE2-WIDGET-ZS-03_CriarPlaylistScreen | C50: Widget | D50: ZS | E50: CriarPlaylistScreen | F50: Limpo | G50: — | H50: Sim | I50: Sim | J50: 5 | K50: 5 | L50: 0 | M50: executa | N50: — | O50: 0 | P50: 2 | Q50: 0 | R50: 1 | S50: — | T50: n/a (sem reparo) | U50: — | V50: Falha de serviço (~3 min sem resposta) na tentativa 1. Confere nome digitado no Firestore.
A51: 50 | B51: FASE2-WIDGET-FS-03_CriarPlaylistScreen | C51: Widget | D51: FS | E51: CriarPlaylistScreen | F51: Limpo | G51: — | H51: Sim | I51: Sim | J51: 5 | K51: 5 | L51: 0 | M51: executa | N51: — | O51: 0 | P51: 2 | Q51: 1 | R51: 0 | S51: — | T51: n/a (sem reparo) | U51: — | V51: Não exercita documento sem artist_name (ChatGPT FS achou esse defeito nativo na mesma rodada).
A52: 51 | B52: FASE2-WIDGET-COT-03_CriarPlaylistScreen | C52: Widget | D52: COT | E52: CriarPlaylistScreen | F52: Limpo | G52: — | H52: Sim | I52: Não | J52: 10 | K52: 5 | L52: 5 | M52: executa | N52: — | O52: 3 | P52: 4 | Q52: 2 | R52: 0 | S52: (A); (A); (A) | T52: Procedem, todas sobre compilação; suíte só compilou na iter 3 | U52: — | V52: Duas APIs inexistentes do mockito (anyThat, any<T>()). 3 falhas finais = spinner infinito com lista vazia (candidato a (B), fora do alcance).
A53: 52 | B53: FASE2-INT-ZS-01_loginFlow | C53: Integração | D53: ZS | E53: loginFlow | F53: Limpo | G53: — | H53: Não | I53: Não | J53: 7 | K53: 6 | L53: 1 | M53: executa | N53: — | O53: 3 | P53: 1 | Q53: 0 | R53: 0 | S53: (A); (A); (A) | T53: Procedem; nunca chegou a classificar o [core/no-app] (apareceu só na última execução) | U53: — | V53: .mocks.dart presumido + colisão de MockFirebaseAuth + finder posicional.
A54: 53 | B54: FASE2-INT-FS-01_loginFlow | C54: Integração | D54: FS | E54: loginFlow | F54: Limpo | G54: — | H54: Não | I54: Não | J54: 4 | K54: 0 | L54: 4 | M54: executa | N54: — | O54: 3 | P54: 2 | Q54: 1 | R54: 0 | S54: (A); (B); (B) | T54: Procedem; (B) na iter 2 com teste mantido vermelho — mas deixou um (A) próprio (mock manual) sem corrigir | U54: — | V54: 0/4 pela aderência ao (B). Caso central do viés aprovação × diagnóstico.
A55: 54 | B55: FASE2-INT-COT-01_loginFlow | C55: Integração | D55: COT | E55: loginFlow | F55: Limpo | G55: — | H55: Não | I55: Sim | J55: 8 | K55: 0 | L55: 8 | M55: não carrega | N55: 3/8 | O55: 3 | P55: 1 | Q55: 0 | R55: 0 | S55: (A); (A); (A) | T55: Procedem na natureza; estratégia errada (perseguiu o mock da plataforma Firebase até quebrar o arquivo) | U55: — | V55: Reparo piorou monotonicamente: 3/8 → não compila → 0 executam → não carrega.
... A61: 60 | B61: FASE2-INT-COT-03_playlistFlow | C61: Integração | D61: COT | E61: playlistFlow | F61: Limpo | G61: — | H61: Sim | I61: Não | J61: 6 | K61: 6 | L61: 0 | M61: executa | N61: — | O61: 2 | P61: 1 | Q61: 0 | R61: 0 | S61: (A); (A) | T61: Procedem; iter 1 inverteu silenciosamente uma asserção não relacionada e a iter 2 a corrigiu sem reconhecer a autoria | U61: — | V61: Análise reiniciada no meio (malformado). Maior suíte verde da réplica.
A62: — | B62: FASE2-ICRASH-COT_REEXEC | C62: Integração | D62: COT | E62: GenerosCadastroScreen | F62: REEXEC | G62: I-CRASH | H62: n/a | I62: Não | J62: 8 | K62: 4 | L62: 4 | M62: executa | N62: — | O62: 3 | P62: 2 | Q62: 1 | R62: 0 | S62: (A); (A)+(B); (B) | T62: (A) procede; (B) do teste 8 procede (bug plantado); (B) final: 2 de 3 itens procedem | U62: Canonizado (exercitado) | V62: Reproduz a rodada 15 com material correto: diagnostica o bug e mantém a asserção que o exige.
A63: — | B63: FASE2-ICRASH-FS_REEXEC | C63: Integração | D63: FS | E63: GenerosCadastroScreen | F63: REEXEC | G63: I-CRASH | H63: n/a | I63: Não | J63: 2 | K63: 0 | L63: 2 | M63: não compila | N63: 1/2 | O63: 2 | P63: 2 | Q63: 1 | R63: 0 | S63: (A); (B)→(A) | T63: (A) procede. Iter 2: o (B) do rascunho truncado é o correto; o (A) final, que prevaleceu, não (setupFirebaseCoreMocks sem import) | U63: Não detectado | V63: Material corrigido rendeu 1/2 (vs 1/4); bug não exercitado sem requisito.
A64: — | B64: FASE2-ICRASH-ZS_REEXEC | C64: Integração | D64: ZS | E64: GenerosCadastroScreen | F64: REEXEC | G64: I-CRASH | H64: n/a | I64: — | J64: 0 | K64: 0 | L64: 0 | M64: não executada | N64: — | O64: 0 | P64: 2 | Q64: 2 | R64: 0 | S64: — | T64: n/a | U64: n/a | V64: Duas recusas ao mesmo prompt (27 mil chars); parada pelo protocolo.
A65: — | B65: FASE2-WSILENT-FS_REEXEC | C65: Widget | D65: FS | E65: LoginScreen | F65: REEXEC | G65: W-SILENT | H65: Não | I65: Não | J65: 9 | K65: 0 | L65: 9 | M65: não compila | N65: — | O65: 3 | P65: 2 | Q65: 1 | R65: 0 | S65: (A); (A); (A) | T65: Procedem | U65: Canonizado | V65: Prompt corrigido (API real). Nunca achou lib/login.dart; terminou perguntando o caminho.

Sheet Consolidado
A1: Consolidado por nível × estratégia — fórmulas sobre a aba Rodadas (REEXEC excluídas)
A3: Grupo | B3: Nível | C3: Estratégia | D3: Rodadas | E3: Testes gerados | F3: Passando (final) | G3: Aprovação final (%) | H3: Rodadas 100% verdes | I3: Compilou na 1ª | J3: Rodadas com reparo | K3: Iterações usadas (soma) | L3: Média de iterações | M3: Rodadas no máx. (3) | N3: Tentativas (soma) | O3: Recusas | P3: Rodadas com recusa | Q3: Arquivo final não compila/carrega
A4: Limpo | B4: Unitário | C4: ZS | D4: =COUNTIFS(Rodadas!$F$2:$F$65,"Limpo",Rodadas!$C$2:$C$65,"Unitário",Rodadas!$D$2:$D$65,"ZS") -> 7 | E4: =SUMIFS(Rodadas!$J$2:$J$65,Rodadas!$F$2:$F$65,"Limpo",Rodadas!$C$2:$C$65,"Unitário",Rodadas!$D$2:$D$65,"ZS") -> 114 | F4: =SUMIFS(Rodadas!$K$2:$K$65,Rodadas!$F$2:$F$65,"Limpo",Rodadas!$C$2:$C$65,"Unitário",Rodadas!$D$2:$D$65,"ZS") -> 114 | G4: =IFERROR(F4/E4,0) -> 1 | H4: =COUNTIFS(Rodadas!$F$2:$F$65,"Limpo",Rodadas!$C$2:$C$65,"Unitário",Rodadas!$D$2:$D$65,"ZS",Rodadas!$L$2:$L$65,0,Rodadas!$K$2:$K$65,">0") -> 7 | I4: =COUNTIFS(Rodadas!$F$2:$F$65,"Limpo",Rodadas!$C$2:$C$65,"Unitário",Rodadas!$D$2:$D$65,"ZS",Rodadas!$I$2:$I$65,"Sim") -> 7 | J4: =COUNTIFS(Rodadas!$F$2:$F$65,"Limpo",Rodadas!$C$2:$C$65,"Unitário",Rodadas!$D$2:$D$65,"ZS",Rodadas!$O$2:$O$65,">0") -> 1 | K4: =SUMIFS(Rodadas!$O$2:$O$65,Rodadas!$F$2:$F$65,"Limpo",Rodadas!$C$2:$C$65,"Unitário",Rodadas!$D$2:$D$65,"ZS") -> 1 | L4: =IFERROR(K4/D4,0) -> 0.14285714 | M4: =COUNTIFS(Rodadas!$F$2:$F$65,"Limpo",Rodadas!$C$2:$C$65,"Unitário",Rodadas!$D$2:$D$65,"ZS",Rodadas!$O$2:$O$65,3) -> 0 | N4: =SUMIFS(Rodadas!$P$2:$P$65,Rodadas!$F$2:$F$65,"Limpo",Rodadas!$C$2:$C$65,"Unitário",Rodadas!$D$2:$D$65,"ZS") -> 11 | O4: =SUMIFS(Rodadas!$Q$2:$Q$65,Rodadas!$F$2:$F$65,"Limpo",Rodadas!$C$2:$C$65,"Unitário",Rodadas!$D$2:$D$65,"ZS") -> 4 | P4: =COUNTIFS(Rodadas!$F$2:$F$65,"Limpo",Rodadas!$C$2:$C$65,"Unitário",Rodadas!$D$2:$D$65,"ZS",Rodadas!$Q$2:$Q$65,">0") -> 3 | Q4: =COUNTIFS(Rodadas!$F$2:$F$65,"Limpo",Rodadas!$C$2:$C$65,"Unitário",Rodadas!$D$2:$D$65,"ZS",Rodadas!$M$2:$M$65,"<>executa") -> 0
A5: Limpo | B5: Unitário | C5: FS | D5: =COUNTIFS(Rodadas!$F$2:$F$65,"Limpo",Rodadas!$C$2:$C$65,"Unitário",Rodadas!$D$2:$D$65,"FS") -> 7 | E5: =SUMIFS(Rodadas!$J$2:$J$65,Rodadas!$F$2:$F$65,"Limpo",Rodadas!$C$2:$C$65,"Unitário",Rodadas!$D$2:$D$65,"FS") -> 53 | F5: =SUMIFS(Rodadas!$K$2:$K$65,Rodadas!$F$2:$F$65,"Limpo",Rodadas!$C$2:$C$65,"Unitário",Rodadas!$D$2:$D$65,"FS") -> 53 | G5: =IFERROR(F5/E5,0) -> 1 | H5: =COUNTIFS(Rodadas!$F$2:$F$65,"Limpo",Rodadas!$C$2:$C$65,"Unitário",Rodadas!$D$2:$D$65,"FS",Rodadas!$L$2:$L$65,0,Rodadas!$K$2:$K$65,">0") -> 7 | I5: =COUNTIFS(Rodadas!$F$2:$F$65,"Limpo",Rodadas!$C$2:$C$65,"Unitário",Rodadas!$D$2:$D$65,"FS",Rodadas!$I$2:$I$65,"Sim") -> 7 | J5: =COUNTIFS(Rodadas!$F$2:$F$65,"Limpo",Rodadas!$C$2:$C$65,"Unitário",Rodadas!$D$2:$D$65,"FS",Rodadas!$O$2:$O$65,">0") -> 0 | K5: =SUMIFS(Rodadas!$O$2:$O$65,Rodadas!$F$2:$F$65,"Limpo",Rodadas!$C$2:$C$65,"Unitário",Rodadas!$D$2:$D$65,"FS") -> 0 | L5: =IFERROR(K5/D5,0) -> 0 | M5: =COUNTIFS(Rodadas!$F$2:$F$65,"Limpo",Rodadas!$C$2:$C$65,"Unitário",Rodadas!$D$2:$D$65,"FS",Rodadas!$O$2:$O$65,3) -> 0 | N5: =SUMIFS(Rodadas!$P$2:$P$65,Rodadas!$F$2:$F$65,"Limpo",Rodadas!$C$2:$C$65,"Unitário",Rodadas!$D$2:$D$65,"FS") -> 9 | O5: =SUMIFS(Rodadas!$Q$2:$Q$65,Rodadas!$F$2:$F$65,"Limpo",Rodadas!$C$2:$C$65,"Unitário",Rodadas!$D$2:$D$65,"FS") -> 2 | P5: =COUNTIFS(Rodadas!$F$2:$F$65,"Limpo",Rodadas!$C$2:$C$65,"Unitário",Rodadas!$D$2:$D$65,"FS",Rodadas!$Q$2:$Q$65,">0") -> 2 | Q5: =COUNTIFS(Rodadas!$F$2:$F$65,"Limpo",Rodadas!$C$2:$C$65,"Unitário",Rodadas!$D$2:$D$65,"FS",Rodadas!$M$2:$M$65,"<>executa") -> 0
A6: Limpo | B6: Unitário | C6: COT | D6: =COUNTIFS(Rodadas!$F$2:$F$65,"Limpo",Rodadas!$C$2:$C$65,"Unitário",Rodadas!$D$2:$D$65,"COT") -> 7 | E6: =SUMIFS(Rodadas!$J$2:$J$65,Rodadas!$F$2:$F$65,"Limpo",Rodadas!$C$2:$C$65,"Unitário",Rodadas!$D$2:$D$65,"COT") -> 97 | F6: =SUMIFS(Rodadas!$K$2:$K$65,Rodadas!$F$2:$F$65,"Limpo",Rodadas!$C$2:$C$65,"Unitário",Rodadas!$D$2:$D$65,"COT") -> 97 | G6: =IFERROR(F6/E6,0) -> 1 | H6: =COUNTIFS(Rodadas!$F$2:$F$65,"Limpo",Rodadas!$C$2:$C$65,"Unitário",Rodadas!$D$2:$D$65,"COT",Rodadas!$L$2:$L$65,0,Rodadas!$K$2:$K$65,">0") -> 7 | I6: =COUNTIFS(Rodadas!$F$2:$F$65,"Limpo",Rodadas!$C$2:$C$65,"Unitário",Rodadas!$D$2:$D$65,"COT",Rodadas!$I$2:$I$65,"Sim") -> 7 | J6: =COUNTIFS(Rodadas!$F$2:$F$65,"Limpo",Rodadas!$C$2:$C$65,"Unitário",Rodadas!$D$2:$D$65,"COT",Rodadas!$O$2:$O$65,">0") -> 1 | K6: =SUMIFS(Rodadas!$O$2:$O$65,Rodadas!$F$2:$F$65,"Limpo",Rodadas!$C$2:$C$65,"Unitário",Rodadas!$D$2:$D$65,"COT") -> 1 | L6: =IFERROR(K6/D6,0) -> 0.14285714 | M6: =COUNTIFS(Rodadas!$F$2:$F$65,"Limpo",Rodadas!$C$2:$C$65,"Unitário",Rodadas!$D$2:$D$65,"COT",Rodadas!$O$2:$O$65,3) -> 0 | N6: =SUMIFS(Rodadas!$P$2:$P$65,Rodadas!$F$2:$F$65,"Limpo",Rodadas!$C$2:$C$65,"Unitário",Rodadas!$D$2:$D$65,"COT") -> 12 | O6: =SUMIFS(Rodadas!$Q$2:$Q$65,Rodadas!$F$2:$F$65,"Limpo",Rodadas!$C$2:$C$65,"Unitário",Rodadas!$D$2:$D$65,"COT") -> 4 | P6: =COUNTIFS(Rodadas!$F$2:$F$65,"Limpo",Rodadas!$C$2:$C$65,"Unitário",Rodadas!$D$2:$D$65,"COT",Rodadas!$Q$2:$Q$65,">0") -> 3 | Q6: =COUNTIFS(Rodadas!$F$2:$F$65,"Limpo",Rodadas!$C$2:$C$65,"Unitário",Rodadas!$D$2:$D$65,"COT",Rodadas!$M$2:$M$65,"<>executa") -> 0
A7: Limpo | B7: Unitário | C7: Todas | D7: =COUNTIFS(Rodadas!$F$2:$F$65,"Limpo",Rodadas!$C$2:$C$65,"Unitário") -> 21 | E7: =SUMIFS(Rodadas!$J$2:$J$65,Rodadas!$F$2:$F$65,"Limpo",Rodadas!$C$2:$C$65,"Unitário") -> 264 | F7: =SUMIFS(Rodadas!$K$2:$K$65,Rodadas!$F$2:$F$65,"Limpo",Rodadas!$C$2:$C$65,"Unitário") -> 264 | G7: =IFERROR(F7/E7,0) -> 1 | H7: =COUNTIFS(Rodadas!$F$2:$F$65,"Limpo",Rodadas!$C$2:$C$65,"Unitário",Rodadas!$L$2:$L$65,0,Rodadas!$K$2:$K$65,">0") -> 21 | I7: =COUNTIFS(Rodadas!$F$2:$F$65,"Limpo",Rodadas!$C$2:$C$65,"Unitário",Rodadas!$I$2:$I$65,"Sim") -> 21 | J7: =COUNTIFS(Rodadas!$F$2:$F$65,"Limpo",Rodadas!$C$2:$C$65,"Unitário",Rodadas!$O$2:$O$65,">0") -> 2 | K7: =SUMIFS(Rodadas!$O$2:$O$65,Rodadas!$F$2:$F$65,"Limpo",Rodadas!$C$2:$C$65,"Unitário") -> 2 | L7: =IFERROR(K7/D7,0) -> 0.095238095 | M7: =COUNTIFS(Rodadas!$F$2:$F$65,"Limpo",Rodadas!$C$2:$C$65,"Unitário",Rodadas!$O$2:$O$65,3) -> 0 | N7: =SUMIFS(Rodadas!$P$2:$P$65,Rodadas!$F$2:$F$65,"Limpo",Rodadas!$C$2:$C$65,"Unitário") -> 32 | O7: =SUMIFS(Rodadas!$Q$2:$Q$65,Rodadas!$F$2:$F$65,"Limpo",Rodadas!$C$2:$C$65,"Unitário") -> 10 | P7: =COUNTIFS(Rodadas!$F$2:$F$65,"Limpo",Rodadas!$C$2:$C$65,"Unitário",Rodadas!$Q$2:$Q$65,">0") -> 8 | Q7: =COUNTIFS(Rodadas!$F$2:$F$65,"Limpo",Rodadas!$C$2:$C$65,"Unitário",Rodadas!$M$2:$M$65,"<>executa") -> 0
A8: Limpo | B8: Widget | C8: ZS | D8: =COUNTIFS(Rodadas!$F$2:$F$65,"Limpo",Rodadas!$C$2:$C$65,"Widget",Rodadas!$D$2:$D$65,"ZS") -> 3 | E8: =SUMIFS(Rodadas!$J$2:$J$65,Rodadas!$F$2:$F$65,"Limpo",Rodadas!$C$2:$C$65,"Widget",Rodadas!$D$2:$D$65,"ZS") -> 19 | F8: =SUMIFS(Rodadas!$K$2:$K$65,Rodadas!$F$2:$F$65,"Limpo",Rodadas!$C$2:$C$65,"Widget",Rodadas!$D$2:$D$65,"ZS") -> 19 | G8: =IFERROR(F8/E8,0) -> 1 | H8: =COUNTIFS(Rodadas!$F$2:$F$65,"Limpo",Rodadas!$C$2:$C$65,"Widget",Rodadas!$D$2:$D$65,"ZS",Rodadas!$L$2:$L$65,0,Rodadas!$K$2:$K$65,">0") -> 3 | I8: =COUNTIFS(Rodadas!$F$2:$F$65,"Limpo",Rodadas!$C$2:$C$65,"Widget",Rodadas!$D$2:$D$65,"ZS",Rodadas!$I$2:$I$65,"Sim") -> 3 | J8: =COUNTIFS(Rodadas!$F$2:$F$65,"Limpo",Rodadas!$C$2:$C$65,"Widget",Rodadas!$D$2:$D$65,"ZS",Rodadas!$O$2:$O$65,">0") -> 2 | K8: =SUMIFS(Rodadas!$O$2:$O$65,Rodadas!$F$2:$F$65,"Limpo",Rodadas!$C$2:$C$65,"Widget",Rodadas!$D$2:$D$65,"ZS") -> 5 | L8: =IFERROR(K8/D8,0) -> 1.6666667 | M8: =COUNTIFS(Rodadas!$F$2:$F$65,"Limpo",Rodadas!$C$2:$C$65,"Widget",Rodadas!$D$2:$D$65,"ZS",Rodadas!$O$2:$O$65,3) -> 1 | N8: =SUMIFS(Rodadas!$P$2:$P$65,Rodadas!$F$2:$F$65,"Limpo",Rodadas!$C$2:$C$65,"Widget",Rodadas!$D$2:$D$65,"ZS") -> 4 | O8: =SUMIFS(Rodadas!$Q$2:$Q$65,Rodadas!$F$2:$F$65,"Limpo",Rodadas!$C$2:$C$65,"Widget",Rodadas!$D$2:$D$65,"ZS") -> 0 | P8: =COUNTIFS(Rodadas!$F$2:$F$65,"Limpo",Rodadas!$C$2:$C$65,"Widget",Rodadas!$D$2:$D$65,"ZS",Rodadas!$Q$2:$Q$65,">0") -> 0 | Q8: =COUNTIFS(Rodadas!$F$2:$F$65,"Limpo",Rodadas!$C$2:$C$65,"Widget",Rodadas!$D$2:$D$65,"ZS",Rodadas!$M$2:$M$65,"<>executa") -> 0
A9: Limpo | B9: Widget | C9: FS | D9: =COUNTIFS(Rodadas!$F$2:$F$65,"Limpo",Rodadas!$C$2:$C$65,"Widget",Rodadas!$D$2:$D$65,"FS") -> 3 | E9: =SUMIFS(Rodadas!$J$2:$J$65,Rodadas!$F$2:$F$65,"Limpo",Rodadas!$C$2:$C$65,"Widget",Rodadas!$D$2:$D$65,"FS") -> 21 | F9: =SUMIFS(Rodadas!$K$2:$K$65,Rodadas!$F$2:$F$65,"Limpo",Rodadas!$C$2:$C$65,"Widget",Rodadas!$D$2:$D$65,"FS") -> 21 | G9: =IFERROR(F9/E9,0) -> 1 | H9: =COUNTIFS(Rodadas!$F$2:$F$65,"Limpo",Rodadas!$C$2:$C$65,"Widget",Rodadas!$D$2:$D$65,"FS",Rodadas!$L$2:$L$65,0,Rodadas!$K$2:$K$65,">0") -> 3 | I9: =COUNTIFS(Rodadas!$F$2:$F$65,"Limpo",Rodadas!$C$2:$C$65,"Widget",Rodadas!$D$2:$D$65,"FS",Rodadas!$I$2:$I$65,"Sim") -> 3 | J9: =COUNTIFS(Rodadas!$F$2:$F$65,"Limpo",Rodadas!$C$2:$C$65,"Widget",Rodadas!$D$2:$D$65,"FS",Rodadas!$O$2:$O$65,">0") -> 2 | K9: =SUMIFS(Rodadas!$O$2:$O$65,Rodadas!$F$2:$F$65,"Limpo",Rodadas!$C$2:$C$65,"Widget",Rodadas!$D$2:$D$65,"FS") -> 3 | L9: =IFERROR(K9/D9,0) -> 1 | M9: =COUNTIFS(Rodadas!$F$2:$F$65,"Limpo",Rodadas!$C$2:$C$65,"Widget",Rodadas!$D$2:$D$65,"FS",Rodadas!$O$2:$O$65,3) -> 0 | N9: =SUMIFS(Rodadas!$P$2:$P$65,Rodadas!$F$2:$F$65,"Limpo",Rodadas!$C$2:$C$65,"Widget",Rodadas!$D$2:$D$65,"FS") -> 6 | O9: =SUMIFS(Rodadas!$Q$2:$Q$65,Rodadas!$F$2:$F$65,"Limpo",Rodadas!$C$2:$C$65,"Widget",Rodadas!$D$2:$D$65,"FS") -> 3 | P9: =COUNTIFS(Rodadas!$F$2:$F$65,"Limpo",Rodadas!$C$2:$C$65,"Widget",Rodadas!$D$2:$D$65,"FS",Rodadas!$Q$2:$Q$65,">0") -> 3 | Q9: =COUNTIFS(Rodadas!$F$2:$F$65,"Limpo",Rodadas!$C$2:$C$65,"Widget",Rodadas!$D$2:$D$65,"FS",Rodadas!$M$2:$M$65,"<>executa") -> 0
A10: Limpo | B10: Widget | C10: COT | D10: =COUNTIFS(Rodadas!$F$2:$F$65,"Limpo",Rodadas!$C$2:$C$65,"Widget",Rodadas!$D$2:$D$65,"COT") -> 3 | E10: =SUMIFS(Rodadas!$J$2:$J$65,Rodadas!$F$2:$F$65,"Limpo",Rodadas!$C$2:$C$65,"Widget",Rodadas!$D$2:$D$65,"COT") -> 31 | F10: =SUMIFS(Rodadas!$K$2:$K$65,Rodadas!$F$2:$F$65,"Limpo",Rodadas!$C$2:$C$65,"Widget",Rodadas!$D$2:$D$65,"COT") -> 15 | G10: =IFERROR(F10/E10,0) -> 0.48387097 | H10: =COUNTIFS(Rodadas!$F$2:$F$65,"Limpo",Rodadas!$C$2:$C$65,"Widget",Rodadas!$D$2:$D$65,"COT",Rodadas!$L$2:$L$65,0,Rodadas!$K$2:$K$65,">0") -> 0 | I10: =COUNTIFS(Rodadas!$F$2:$F$65,"Limpo",Rodadas!$C$2:$C$65,"Widget",Rodadas!$D$2:$D$65,"COT",Rodadas!$I$2:$I$65,"Sim") -> 0 | J10: =COUNTIFS(Rodadas!$F$2:$F$65,"Limpo",Rodadas!$C$2:$C$65,"Widget",Rodadas!$D$2:$D$65,"COT",Rodadas!$O$2:$O$65,">0") -> 3 | K10: =SUMIFS(Rodadas!$O$2:$O$65,Rodadas!$F$2:$F$65,"Limpo",Rodadas!$C$2:$C$65,"Widget",Rodadas!$D$2:$D$65,"COT") -> 9 | L10: =IFERROR(K10/D10,0) -> 3 | M10: =COUNTIFS(Rodadas!$F$2:$F$65,"Limpo",Rodadas!$C$2:$C$65,"Widget",Rodadas!$D$2:$D$65,"COT",Rodadas!$O$2:$O$65,3) -> 3 | N10: =SUMIFS(Rodadas!$P$2:$P$65,Rodadas!$F$2:$F$65,"Limpo",Rodadas!$C$2:$C$65,"Widget",Rodadas!$D$2:$D$65,"COT") -> 7 | O10: =SUMIFS(Rodadas!$Q$2:$Q$65,Rodadas!$F$2:$F$65,"Limpo",Rodadas!$C$2:$C$65,"Widget",Rodadas!$D$2:$D$65,"COT") -> 3 | P10: =COUNTIFS(Rodadas!$F$2:$F$65,"Limpo",Rodadas!$C$2:$C$65,"Widget",Rodadas!$D$2:$D$65,"COT",Rodadas!$Q$2:$Q$65,">0") -> 2 | Q10: =COUNTIFS(Rodadas!$F$2:$F$65,"Limpo",Rodadas!$C$2:$C$65,"Widget",Rodadas!$D$2:$D$65,"COT",Rodadas!$M$2:$M$65,"<>executa") -> 0
A11: Limpo | B11: Widget | C11: Todas | D11: =COUNTIFS(Rodadas!$F$2:$F$65,"Limpo",Rodadas!$C$2:$C$65,"Widget") -> 9 | E11: =SUMIFS(Rodadas!$J$2:$J$65,Rodadas!$F$2:$F$65,"Limpo",Rodadas!$C$2:$C$65,"Widget") -> 71 | F11: =SUMIFS(Rodadas!$K$2:$K$65,Rodadas!$F$2:$F$65,"Limpo",Rodadas!$C$2:$C$65,"Widget") -> 55 | G11: =IFERROR(F11/E11,0) -> 0.77464789 | H11: =COUNTIFS(Rodadas!$F$2:$F$65,"Limpo",Rodadas!$C$2:$C$65,"Widget",Rodadas!$L$2:$L$65,0,Rodadas!$K$2:$K$65,">0") -> 6 | I11: =COUNTIFS(Rodadas!$F$2:$F$65,"Limpo",Rodadas!$C$2:$C$65,"Widget",Rodadas!$I$2:$I$65,"Sim") -> 6 | J11: =COUNTIFS(Rodadas!$F$2:$F$65,"Limpo",Rodadas!$C$2:$C$65,"Widget",Rodadas!$O$2:$O$65,">0") -> 7 | K11: =SUMIFS(Rodadas!$O$2:$O$65,Rodadas!$F$2:$F$65,"Limpo",Rodadas!$C$2:$C$65,"Widget") -> 17 | L11: =IFERROR(K11/D11,0) -> 1.8888889 | M11: =COUNTIFS(Rodadas!$F$2:$F$65,"Limpo",Rodadas!$C$2:$C$65,"Widget",Rodadas!$O$2:$O$65,3) -> 4 | N11: =SUMIFS(Rodadas!$P$2:$P$65,Rodadas!$F$2:$F$65,"Limpo",Rodadas!$C$2:$C$65,"Widget") -> 17 | O11: =SUMIFS(Rodadas!$Q$2:$Q$65,Rodadas!$F$2:$F$65,"Limpo",Rodadas!$C$2:$C$65,"Widget") -> 6 | P11: =COUNTIFS(Rodadas!$F$2:$F$65,"Limpo",Rodadas!$C$2:$C$65,"Widget",Rodadas!$Q$2:$Q$65,">0") -> 5 | Q11: =COUNTIFS(Rodadas!$F$2:$F$65,"Limpo",Rodadas!$C$2:$C$65,"Widget",Rodadas!$M$2:$M$65,"<>executa") -> 0
A12: Limpo | B12: Integração | C12: ZS | D12: =COUNTIFS(Rodadas!$F$2:$F$65,"Limpo",Rodadas!$C$2:$C$65,"Integração",Rodadas!$D$2:$D$65,"ZS") -> 3 | E12: =SUMIFS(Rodadas!$J$2:$J$65,Rodadas!$F$2:$F$65,"Limpo",Rodadas!$C$2:$C$65,"Integração",Rodadas!$D$2:$D$65,"ZS") -> 14 | F12: =SUMIFS(Rodadas!$K$2:$K$65,Rodadas!$F$2:$F$65,"Limpo",Rodadas!$C$2:$C$65,"Integração",Rodadas!$D$2:$D$65,"ZS") -> 9 | G12: =IFERROR(F12/E12,0) -> 0.64285714 | H12: =COUNTIFS(Rodadas!$F$2:$F$65,"Limpo",Rodadas!$C$2:$C$65,"Integração",Rodadas!$D$2:$D$65,"ZS",Rodadas!$L$2:$L$65,0,Rodadas!$K$2:$K$65,">0") -> 1 | I12: =COUNTIFS(Rodadas!$F$2:$F$65,"Limpo",Rodadas!$C$2:$C$65,"Integração",Rodadas!$D$2:$D$65,"ZS",Rodadas!$I$2:$I$65,"Sim") -> 1 | J12: =COUNTIFS(Rodadas!$F$2:$F$65,"Limpo",Rodadas!$C$2:$C$65,"Integração",Rodadas!$D$2:$D$65,"ZS",Rodadas!$O$2:$O$65,">0") -> 2 | K12: =SUMIFS(Rodadas!$O$2:$O$65,Rodadas!$F$2:$F$65,"Limpo",Rodadas!$C$2:$C$65,"Integração",Rodadas!$D$2:$D$65,"ZS") -> 6 | L12: =IFERROR(K12/D12,0) -> 2 | M12: =COUNTIFS(Rodadas!$F$2:$F$65,"Limpo",Rodadas!$C$2:$C$65,"Integração",Rodadas!$D$2:$D$65,"ZS",Rodadas!$O$2:$O$65,3) -> 2 | N12: =SUMIFS(Rodadas!$P$2:$P$65,Rodadas!$F$2:$F$65,"Limpo",Rodadas!$C$2:$C$65,"Integração",Rodadas!$D$2:$D$65,"ZS") -> 3 | O12: =SUMIFS(Rodadas!$Q$2:$Q$65,Rodadas!$F$2:$F$65,"Limpo",Rodadas!$C$2:$C$65,"Integração",Rodadas!$D$2:$D$65,"ZS") -> 0 | P12: =COUNTIFS(Rodadas!$F$2:$F$65,"Limpo",Rodadas!$C$2:$C$65,"Integração",Rodadas!$D$2:$D$65,"ZS",Rodadas!$Q$2:$Q$65,">0") -> 0 | Q12: =COUNTIFS(Rodadas!$F$2:$F$65,"Limpo",Rodadas!$C$2:$C$65,"Integração",Rodadas!$D$2:$D$65,"ZS",Rodadas!$M$2:$M$65,"<>executa") -> 1
A13: Limpo | B13: Integração | C13: FS | D13: =COUNTIFS(Rodadas!$F$2:$F$65,"Limpo",Rodadas!$C$2:$C$65,"Integração",Rodadas!$D$2:$D$65,"FS") -> 3 | E13: =SUMIFS(Rodadas!$J$2:$J$65,Rodadas!$F$2:$F$65,"Limpo",Rodadas!$C$2:$C$65,"Integração",Rodadas!$D$2:$D$65,"FS") -> 8 | F13: =SUMIFS(Rodadas!$K$2:$K$65,Rodadas!$F$2:$F$65,"Limpo",Rodadas!$C$2:$C$65,"Integração",Rodadas!$D$2:$D$65,"FS") -> 3 | G13: =IFERROR(F13/E13,0) -> 0.375 | H13: =COUNTIFS(Rodadas!$F$2:$F$65,"Limpo",Rodadas!$C$2:$C$65,"Integração",Rodadas!$D$2:$D$65,"FS",Rodadas!$L$2:$L$65,0,Rodadas!$K$2:$K$65,">0") -> 1 | I13: =COUNTIFS(Rodadas!$F$2:$F$65,"Limpo",Rodadas!$C$2:$C$65,"Integração",Rodadas!$D$2:$D$65,"FS",Rodadas!$I$2:$I$65,"Sim") -> 1 | J13: =COUNTIFS(Rodadas!$F$2:$F$65,"Limpo",Rodadas!$C$2:$C$65,"Integração",Rodadas!$D$2:$D$65,"FS",Rodadas!$O$2:$O$65,">0") -> 2 | K13: =SUMIFS(Rodadas!$O$2:$O$65,Rodadas!$F$2:$F$65,"Limpo",Rodadas!$C$2:$C$65,"Integração",Rodadas!$D$2:$D$65,"FS") -> 6 | L13: =IFERROR(K13/D13,0) -> 2 | M13: =COUNTIFS(Rodadas!$F$2:$F$65,"Limpo",Rodadas!$C$2:$C$65,"Integração",Rodadas!$D$2:$D$65,"FS",Rodadas!$O$2:$O$65,3) -> 2 | N13: =SUMIFS(Rodadas!$P$2:$P$65,Rodadas!$F$2:$F$65,"Limpo",Rodadas!$C$2:$C$65,"Integração",Rodadas!$D$2:$D$65,"FS") -> 4 | O13: =SUMIFS(Rodadas!$Q$2:$Q$65,Rodadas!$F$2:$F$65,"Limpo",Rodadas!$C$2:$C$65,"Integração",Rodadas!$D$2:$D$65,"FS") -> 1 | P13: =COUNTIFS(Rodadas!$F$2:$F$65,"Limpo",Rodadas!$C$2:$C$65,"Integração",Rodadas!$D$2:$D$65,"FS",Rodadas!$Q$2:$Q$65,">0") -> 1 | Q13: =COUNTIFS(Rodadas!$F$2:$F$65,"Limpo",Rodadas!$C$2:$C$65,"Integração",Rodadas!$D$2:$D$65,"FS",Rodadas!$M$2:$M$65,"<>executa") -> 0
A14: Limpo | B14: Integração | C14: COT | D14: =COUNTIFS(Rodadas!$F$2:$F$65,"Limpo",Rodadas!$C$2:$C$65,"Integração",Rodadas!$D$2:$D$65,"COT") -> 3 | E14: =SUMIFS(Rodadas!$J$2:$J$65,Rodadas!$F$2:$F$65,"Limpo",Rodadas!$C$2:$C$65,"Integração",Rodadas!$D$2:$D$65,"COT") -> 19 | F14: =SUMIFS(Rodadas!$K$2:$K$65,Rodadas!$F$2:$F$65,"Limpo",Rodadas!$C$2:$C$65,"Integração",Rodadas!$D$2:$D$65,"COT") -> 11 | G14: =IFERROR(F14/E14,0) -> 0.57894737 | H14: =COUNTIFS(Rodadas!$F$2:$F$65,"Limpo",Rodadas!$C$2:$C$65,"Integração",Rodadas!$D$2:$D$65,"COT",Rodadas!$L$2:$L$65,0,Rodadas!$K$2:$K$65,">0") -> 2 | I14: =COUNTIFS(Rodadas!$F$2:$F$65,"Limpo",Rodadas!$C$2:$C$65,"Integração",Rodadas!$D$2:$D$65,"COT",Rodadas!$I$2:$I$65,"Sim") -> 2 | J14: =COUNTIFS(Rodadas!$F$2:$F$65,"Limpo",Rodadas!$C$2:$C$65,"Integração",Rodadas!$D$2:$D$65,"COT",Rodadas!$O$2:$O$65,">0") -> 3 | K14: =SUMIFS(Rodadas!$O$2:$O$65,Rodadas!$F$2:$F$65,"Limpo",Rodadas!$C$2:$C$65,"Integração",Rodadas!$D$2:$D$65,"COT") -> 8 | L14: =IFERROR(K14/D14,0) -> 2.6666667 | M14: =COUNTIFS(Rodadas!$F$2:$F$65,"Limpo",Rodadas!$C$2:$C$65,"Integração",Rodadas!$D$2:$D$65,"COT",Rodadas!$O$2:$O$65,3) -> 2 | N14: =SUMIFS(Rodadas!$P$2:$P$65,Rodadas!$F$2:$F$65,"Limpo",Rodadas!$C$2:$C$65,"Integração",Rodadas!$D$2:$D$65,"COT") -> 3 | O14: =SUMIFS(Rodadas!$Q$2:$Q$65,Rodadas!$F$2:$F$65,"Limpo",Rodadas!$C$2:$C$65,"Integração",Rodadas!$D$2:$D$65,"COT") -> 0 | P14: =COUNTIFS(Rodadas!$F$2:$F$65,"Limpo",Rodadas!$C$2:$C$65,"Integração",Rodadas!$D$2:$D$65,"COT",Rodadas!$Q$2:$Q$65,">0") -> 0 | Q14: =COUNTIFS(Rodadas!$F$2:$F$65,"Limpo",Rodadas!$C$2:$C$65,"Integração",Rodadas!$D$2:$D$65,"COT",Rodadas!$M$2:$M$65,"<>executa") -> 1
A15: Limpo | B15: Integração | C15: Todas | D15: =COUNTIFS(Rodadas!$F$2:$F$65,"Limpo",Rodadas!$C$2:$C$65,"Integração") -> 9 | E15: =SUMIFS(Rodadas!$J$2:$J$65,Rodadas!$F$2:$F$65,"Limpo",Rodadas!$C$2:$C$65,"Integração") -> 41 | F15: =SUMIFS(Rodadas!$K$2:$K$65,Rodadas!$F$2:$F$65,"Limpo",Rodadas!$C$2:$C$65,"Integração") -> 23 | G15: =IFERROR(F15/E15,0) -> 0.56097561 | H15: =COUNTIFS(Rodadas!$F$2:$F$65,"Limpo",Rodadas!$C$2:$C$65,"Integração",Rodadas!$L$2:$L$65,0,Rodadas!$K$2:$K$65,">0") -> 4 | I15: =COUNTIFS(Rodadas!$F$2:$F$65,"Limpo",Rodadas!$C$2:$C$65,"Integração",Rodadas!$I$2:$I$65,"Sim") -> 4 | J15: =COUNTIFS(Rodadas!$F$2:$F$65,"Limpo",Rodadas!$C$2:$C$65,"Integração",Rodadas!$O$2:$O$65,">0") -> 7 | K15: =SUMIFS(Rodadas!$O$2:$O$65,Rodadas!$F$2:$F$65,"Limpo",Rodadas!$C$2:$C$65,"Integração") -> 20 | L15: =IFERROR(K15/D15,0) -> 2.2222222 | M15: =COUNTIFS(Rodadas!$F$2:$F$65,"Limpo",Rodadas!$C$2:$C$65,"Integração",Rodadas!$O$2:$O$65,3) -> 6 | N15: =SUMIFS(Rodadas!$P$2:$P$65,Rodadas!$F$2:$F$65,"Limpo",Rodadas!$C$2:$C$65,"Integração") -> 10 | O15: =SUMIFS(Rodadas!$Q$2:$Q$65,Rodadas!$F$2:$F$65,"Limpo",Rodadas!$C$2:$C$65,"Integração") -> 1 | P15: =COUNTIFS(Rodadas!$F$2:$F$65,"Limpo",Rodadas!$C$2:$C$65,"Integração",Rodadas!$Q$2:$Q$65,">0") -> 1 | Q15: =COUNTIFS(Rodadas!$F$2:$F$65,"Limpo",Rodadas!$C$2:$C$65,"Integração",Rodadas!$M$2:$M$65,"<>executa") -> 2
A16: Limpo | B16: Todos | C16: Todas | D16: =COUNTIFS(Rodadas!$F$2:$F$65,"Limpo") -> 39 | E16: =SUMIFS(Rodadas!$J$2:$J$65,Rodadas!$F$2:$F$65,"Limpo") -> 376 | F16: =SUMIFS(Rodadas!$K$2:$K$65,Rodadas!$F$2:$F$65,"Limpo") -> 342 | G16: =IFERROR(F16/E16,0) -> 0.90957447 | H16: =COUNTIFS(Rodadas!$F$2:$F$65,"Limpo",Rodadas!$L$2:$L$65,0,Rodadas!$K$2:$K$65,">0") -> 31 | I16: =COUNTIFS(Rodadas!$F$2:$F$65,"Limpo",Rodadas!$I$2:$I$65,"Sim") -> 31 | J16: =COUNTIFS(Rodadas!$F$2:$F$65,"Limpo",Rodadas!$O$2:$O$65,">0") -> 16 | K16: =SUMIFS(Rodadas!$O$2:$O$65,Rodadas!$F$2:$F$65,"Limpo") -> 39 | L16: =IFERROR(K16/D16,0) -> 1 | M16: =COUNTIFS(Rodadas!$F$2:$F$65,"Limpo",Rodadas!$O$2:$O$65,3) -> 10 | N16: =SUMIFS(Rodadas!$P$2:$P$65,Rodadas!$F$2:$F$65,"Limpo") -> 59 | O16: =SUMIFS(Rodadas!$Q$2:$Q$65,Rodadas!$F$2:$F$65,"Limpo") -> 17 | P16: =COUNTIFS(Rodadas!$F$2:$F$65,"Limpo",Rodadas!$Q$2:$Q$65,">0") -> 14 | Q16: =COUNTIFS(Rodadas!$F$2:$F$65,"Limpo",Rodadas!$M$2:$M$65,"<>executa") -> 2
A18: Bug plantado | B18: Unitário | C18: ZS | D18: =COUNTIFS(Rodadas!$F$2:$F$65,"Bug plantado",Rodadas!$C$2:$C$65,"Unitário",Rodadas!$D$2:$D$65,"ZS") -> 2 | E18: =SUMIFS(Rodadas!$J$2:$J$65,Rodadas!$F$2:$F$65,"Bug plantado",Rodadas!$C$2:$C$65,"Unitário",Rodadas!$D$2:$D$65,"ZS") -> 18 | F18: =SUMIFS(Rodadas!$K$2:$K$65,Rodadas!$F$2:$F$65,"Bug plantado",Rodadas!$C$2:$C$65,"Unitário",Rodadas!$D$2:$D$65,"ZS") -> 18 | G18: =IFERROR(F18/E18,0) -> 1 | H18: =COUNTIFS(Rodadas!$F$2:$F$65,"Bug plantado",Rodadas!$C$2:$C$65,"Unitário",Rodadas!$D$2:$D$65,"ZS",Rodadas!$L$2:$L$65,0,Rodadas!$K$2:$K$65,">0") -> 2 | I18: =COUNTIFS(Rodadas!$F$2:$F$65,"Bug plantado",Rodadas!$C$2:$C$65,"Unitário",Rodadas!$D$2:$D$65,"ZS",Rodadas!$I$2:$I$65,"Sim") -> 2 | J18: =COUNTIFS(Rodadas!$F$2:$F$65,"Bug plantado",Rodadas!$C$2:$C$65,"Unitário",Rodadas!$D$2:$D$65,"ZS",Rodadas!$O$2:$O$65,">0") -> 0 | K18: =SUMIFS(Rodadas!$O$2:$O$65,Rodadas!$F$2:$F$65,"Bug plantado",Rodadas!$C$2:$C$65,"Unitário",Rodadas!$D$2:$D$65,"ZS") -> 0 | L18: =IFERROR(K18/D18,0) -> 0 | M18: =COUNTIFS(Rodadas!$F$2:$F$65,"Bug plantado",Rodadas!$C$2:$C$65,"Unitário",Rodadas!$D$2:$D$65,"ZS",Rodadas!$O$2:$O$65,3) -> 0 | N18: =SUMIFS(Rodadas!$P$2:$P$65,Rodadas!$F$2:$F$65,"Bug plantado",Rodadas!$C$2:$C$65,"Unitário",Rodadas!$D$2:$D$65,"ZS") -> 2 | O18: =SUMIFS(Rodadas!$Q$2:$Q$65,Rodadas!$F$2:$F$65,"Bug plantado",Rodadas!$C$2:$C$65,"Unitário",Rodadas!$D$2:$D$65,"ZS") -> 0 | P18: =COUNTIFS(Rodadas!$F$2:$F$65,"Bug plantado",Rodadas!$C$2:$C$65,"Unitário",Rodadas!$D$2:$D$65,"ZS",Rodadas!$Q$2:$Q$65,">0") -> 0 | Q18: =COUNTIFS(Rodadas!$F$2:$F$65,"Bug plantado",Rodadas!$C$2:$C$65,"Unitário",Rodadas!$D$2:$D$65,"ZS",Rodadas!$M$2:$M$65,"<>executa") -> 0
A19: Bug plantado | B19: Unitário | C19: FS | D19: =COUNTIFS(Rodadas!$F$2:$F$65,"Bug plantado",Rodadas!$C$2:$C$65,"Unitário",Rodadas!$D$2:$D$65,"FS") -> 2 | E19: =SUMIFS(Rodadas!$J$2:$J$65,Rodadas!$F$2:$F$65,"Bug plantado",Rodadas!$C$2:$C$65,"Unitário",Rodadas!$D$2:$D$65,"FS") -> 11 | F19: =SUMIFS(Rodadas!$K$2:$K$65,Rodadas!$F$2:$F$65,"Bug plantado",Rodadas!$C$2:$C$65,"Unitário",Rodadas!$D$2:$D$65,"FS") -> 11 | G19: =IFERROR(F19/E19,0) -> 1 | H19: =COUNTIFS(Rodadas!$F$2:$F$65,"Bug plantado",Rodadas!$C$2:$C$65,"Unitário",Rodadas!$D$2:$D$65,"FS",Rodadas!$L$2:$L$65,0,Rodadas!$K$2:$K$65,">0") -> 2 | I19: =COUNTIFS(Rodadas!$F$2:$F$65,"Bug plantado",Rodadas!$C$2:$C$65,"Unitário",Rodadas!$D$2:$D$65,"FS",Rodadas!$I$2:$I$65,"Sim") -> 2 | J19: =COUNTIFS(Rodadas!$F$2:$F$65,"Bug plantado",Rodadas!$C$2:$C$65,"Unitário",Rodadas!$D$2:$D$65,"FS",Rodadas!$O$2:$O$65,">0") -> 0 | K19: =SUMIFS(Rodadas!$O$2:$O$65,Rodadas!$F$2:$F$65,"Bug plantado",Rodadas!$C$2:$C$65,"Unitário",Rodadas!$D$2:$D$65,"FS") -> 0 | L19: =IFERROR(K19/D19,0) -> 0 | M19: =COUNTIFS(Rodadas!$F$2:$F$65,"Bug plantado",Rodadas!$C$2:$C$65,"Unitário",Rodadas!$D$2:$D$65,"FS",Rodadas!$O$2:$O$65,3) -> 0 | N19: =SUMIFS(Rodadas!$P$2:$P$65,Rodadas!$F$2:$F$65,"Bug plantado",Rodadas!$C$2:$C$65,"Unitário",Rodadas!$D$2:$D$65,"FS") -> 2 | O19: =SUMIFS(Rodadas!$Q$2:$Q$65,Rodadas!$F$2:$F$65,"Bug plantado",Rodadas!$C$2:$C$65,"Unitário",Rodadas!$D$2:$D$65,"FS") -> 0 | P19: =COUNTIFS(Rodadas!$F$2:$F$65,"Bug plantado",Rodadas!$C$2:$C$65,"Unitário",Rodadas!$D$2:$D$65,"FS",Rodadas!$Q$2:$Q$65,">0") -> 0 | Q19: =COUNTIFS(Rodadas!$F$2:$F$65,"Bug plantado",Rodadas!$C$2:$C$65,"Unitário",Rodadas!$D$2:$D$65,"FS",Rodadas!$M$2:$M$65,"<>executa") -> 0
A20: Bug plantado | B20: Unitário | C20: COT | D20: =COUNTIFS(Rodadas!$F$2:$F$65,"Bug plantado",Rodadas!$C$2:$C$65,"Unitário",Rodadas!$D$2:$D$65,"COT") -> 2 | E20: =SUMIFS(Rodadas!$J$2:$J$65,Rodadas!$F$2:$F$65,"Bug plantado",Rodadas!$C$2:$C$65,"Unitário",Rodadas!$D$2:$D$65,"COT") -> 18 | F20: =SUMIFS(Rodadas!$K$2:$K$65,Rodadas!$F$2:$F$65,"Bug plantado",Rodadas!$C$2:$C$65,"Unitário",Rodadas!$D$2:$D$65,"COT") -> 18 | G20: =IFERROR(F20/E20,0) -> 1 | H20: =COUNTIFS(Rodadas!$F$2:$F$65,"Bug plantado",Rodadas!$C$2:$C$65,"Unitário",Rodadas!$D$2:$D$65,"COT",Rodadas!$L$2:$L$65,0,Rodadas!$K$2:$K$65,">0") -> 2 | I20: =COUNTIFS(Rodadas!$F$2:$F$65,"Bug plantado",Rodadas!$C$2:$C$65,"Unitário",Rodadas!$D$2:$D$65,"COT",Rodadas!$I$2:$I$65,"Sim") -> 2 | J20: =COUNTIFS(Rodadas!$F$2:$F$65,"Bug plantado",Rodadas!$C$2:$C$65,"Unitário",Rodadas!$D$2:$D$65,"COT",Rodadas!$O$2:$O$65,">0") -> 0 | K20: =SUMIFS(Rodadas!$O$2:$O$65,Rodadas!$F$2:$F$65,"Bug plantado",Rodadas!$C$2:$C$65,"Unitário",Rodadas!$D$2:$D$65,"COT") -> 0 | L20: =IFERROR(K20/D20,0) -> 0 | M20: =COUNTIFS(Rodadas!$F$2:$F$65,"Bug plantado",Rodadas!$C$2:$C$65,"Unitário",Rodadas!$D$2:$D$65,"COT",Rodadas!$O$2:$O$65,3) -> 0 | N20: =SUMIFS(Rodadas!$P$2:$P$65,Rodadas!$F$2:$F$65,"Bug plantado",Rodadas!$C$2:$C$65,"Unitário",Rodadas!$D$2:$D$65,"COT") -> 3 | O20: =SUMIFS(Rodadas!$Q$2:$Q$65,Rodadas!$F$2:$F$65,"Bug plantado",Rodadas!$C$2:$C$65,"Unitário",Rodadas!$D$2:$D$65,"COT") -> 1 | P20: =COUNTIFS(Rodadas!$F$2:$F$65,"Bug plantado",Rodadas!$C$2:$C$65,"Unitário",Rodadas!$D$2:$D$65,"COT",Rodadas!$Q$2:$Q$65,">0") -> 1 | Q20: =COUNTIFS(Rodadas!$F$2:$F$65,"Bug plantado",Rodadas!$C$2:$C$65,"Unitário",Rodadas!$D$2:$D$65,"COT",Rodadas!$M$2:$M$65,"<>executa") -> 0
A21: Bug plantado | B21: Unitário | C21: Todas | D21: =COUNTIFS(Rodadas!$F$2:$F$65,"Bug plantado",Rodadas!$C$2:$C$65,"Unitário") -> 6 | E21: =SUMIFS(Rodadas!$J$2:$J$65,Rodadas!$F$2:$F$65,"Bug plantado",Rodadas!$C$2:$C$65,"Unitário") -> 47 | F21: =SUMIFS(Rodadas!$K$2:$K$65,Rodadas!$F$2:$F$65,"Bug plantado",Rodadas!$C$2:$C$65,"Unitário") -> 47 | G21: =IFERROR(F21/E21,0) -> 1 | H21: =COUNTIFS(Rodadas!$F$2:$F$65,"Bug plantado",Rodadas!$C$2:$C$65,"Unitário",Rodadas!$L$2:$L$65,0,Rodadas!$K$2:$K$65,">0") -> 6 | I21: =COUNTIFS(Rodadas!$F$2:$F$65,"Bug plantado",Rodadas!$C$2:$C$65,"Unitário",Rodadas!$I$2:$I$65,"Sim") -> 6 | J21: =COUNTIFS(Rodadas!$F$2:$F$65,"Bug plantado",Rodadas!$C$2:$C$65,"Unitário",Rodadas!$O$2:$O$65,">0") -> 0 | K21: =SUMIFS(Rodadas!$O$2:$O$65,Rodadas!$F$2:$F$65,"Bug plantado",Rodadas!$C$2:$C$65,"Unitário") -> 0 | L21: =IFERROR(K21/D21,0) -> 0 | M21: =COUNTIFS(Rodadas!$F$2:$F$65,"Bug plantado",Rodadas!$C$2:$C$65,"Unitário",Rodadas!$O$2:$O$65,3) -> 0 | N21: =SUMIFS(Rodadas!$P$2:$P$65,Rodadas!$F$2:$F$65,"Bug plantado",Rodadas!$C$2:$C$65,"Unitário") -> 7 | O21: =SUMIFS(Rodadas!$Q$2:$Q$65,Rodadas!$F$2:$F$65,"Bug plantado",Rodadas!$C$2:$C$65,"Unitário") -> 1 | P21: =COUNTIFS(Rodadas!$F$2:$F$65,"Bug plantado",Rodadas!$C$2:$C$65,"Unitário",Rodadas!$Q$2:$Q$65,">0") -> 1 | Q21: =COUNTIFS(Rodadas!$F$2:$F$65,"Bug plantado",Rodadas!$C$2:$C$65,"Unitário",Rodadas!$M$2:$M$65,"<>executa") -> 0
A22: Bug plantado | B22: Widget | C22: ZS | D22: =COUNTIFS(Rodadas!$F$2:$F$65,"Bug plantado",Rodadas!$C$2:$C$65,"Widget",Rodadas!$D$2:$D$65,"ZS") -> 2 | E22: =SUMIFS(Rodadas!$J$2:$J$65,Rodadas!$F$2:$F$65,"Bug plantado",Rodadas!$C$2:$C$65,"Widget",Rodadas!$D$2:$D$65,"ZS") -> 16 | F22: =SUMIFS(Rodadas!$K$2:$K$65,Rodadas!$F$2:$F$65,"Bug plantado",Rodadas!$C$2:$C$65,"Widget",Rodadas!$D$2:$D$65,"ZS") -> 15 | G22: =IFERROR(F22/E22,0) -> 0.9375 | H22: =COUNTIFS(Rodadas!$F$2:$F$65,"Bug plantado",Rodadas!$C$2:$C$65,"Widget",Rodadas!$D$2:$D$65,"ZS",Rodadas!$L$2:$L$65,0,Rodadas!$K$2:$K$65,">0") -> 1 | I22: =COUNTIFS(Rodadas!$F$2:$F$65,"Bug plantado",Rodadas!$C$2:$C$65,"Widget",Rodadas!$D$2:$D$65,"ZS",Rodadas!$I$2:$I$65,"Sim") -> 2 | J22: =COUNTIFS(Rodadas!$F$2:$F$65,"Bug plantado",Rodadas!$C$2:$C$65,"Widget",Rodadas!$D$2:$D$65,"ZS",Rodadas!$O$2:$O$65,">0") -> 1 | K22: =SUMIFS(Rodadas!$O$2:$O$65,Rodadas!$F$2:$F$65,"Bug plantado",Rodadas!$C$2:$C$65,"Widget",Rodadas!$D$2:$D$65,"ZS") -> 2 | L22: =IFERROR(K22/D22,0) -> 1 | M22: =COUNTIFS(Rodadas!$F$2:$F$65,"Bug plantado",Rodadas!$C$2:$C$65,"Widget",Rodadas!$D$2:$D$65,"ZS",Rodadas!$O$2:$O$65,3) -> 0 | N22: =SUMIFS(Rodadas!$P$2:$P$65,Rodadas!$F$2:$F$65,"Bug plantado",Rodadas!$C$2:$C$65,"Widget",Rodadas!$D$2:$D$65,"ZS") -> 3 | O22: =SUMIFS(Rodadas!$Q$2:$Q$65,Rodadas!$F$2:$F$65,"Bug plantado",Rodadas!$C$2:$C$65,"Widget",Rodadas!$D$2:$D$65,"ZS") -> 1 | P22: =COUNTIFS(Rodadas!$F$2:$F$65,"Bug plantado",Rodadas!$C$2:$C$65,"Widget",Rodadas!$D$2:$D$65,"ZS",Rodadas!$Q$2:$Q$65,">0") -> 1 | Q22: =COUNTIFS(Rodadas!$F$2:$F$65,"Bug plantado",Rodadas!$C$2:$C$65,"Widget",Rodadas!$D$2:$D$65,"ZS",Rodadas!$M$2:$M$65,"<>executa") -> 0
A23: Bug plantado | B23: Widget | C23: FS | D23: =COUNTIFS(Rodadas!$F$2:$F$65,"Bug plantado",Rodadas!$C$2:$C$65,"Widget",Rodadas!$D$2:$D$65,"FS") -> 2 | E23: =SUMIFS(Rodadas!$J$2:$J$65,Rodadas!$F$2:$F$65,"Bug plantado",Rodadas!$C$2:$C$65,"Widget",Rodadas!$D$2:$D$65,"FS") -> 14 | F23: =SUMIFS(Rodadas!$K$2:$K$65,Rodadas!$F$2:$F$65,"Bug plantado",Rodadas!$C$2:$C$65,"Widget",Rodadas!$D$2:$D$65,"FS") -> 12 | G23: =IFERROR(F23/E23,0) -> 0.85714286 | H23: =COUNTIFS(Rodadas!$F$2:$F$65,"Bug plantado",Rodadas!$C$2:$C$65,"Widget",Rodadas!$D$2:$D$65,"FS",Rodadas!$L$2:$L$65,0,Rodadas!$K$2:$K$65,">0") -> 1 | I23: =COUNTIFS(Rodadas!$F$2:$F$65,"Bug plantado",Rodadas!$C$2:$C$65,"Widget",Rodadas!$D$2:$D$65,"FS",Rodadas!$I$2:$I$65,"Sim") -> 0 | J23: =COUNTIFS(Rodadas!$F$2:$F$65,"Bug plantado",Rodadas!$C$2:$C$65,"Widget",Rodadas!$D$2:$D$65,"FS",Rodadas!$O$2:$O$65,">0") -> 2 | K23: =SUMIFS(Rodadas!$O$2:$O$65,Rodadas!$F$2:$F$65,"Bug plantado",Rodadas!$C$2:$C$65,"Widget",Rodadas!$D$2:$D$65,"FS") -> 5 | L23: =IFERROR(K23/D23,0) -> 2.5 | M23: =COUNTIFS(Rodadas!$F$2:$F$65,"Bug plantado",Rodadas!$C$2:$C$65,"Widget",Rodadas!$D$2:$D$65,"FS",Rodadas!$O$2:$O$65,3) -> 1 | N23: =SUMIFS(Rodadas!$P$2:$P$65,Rodadas!$F$2:$F$65,"Bug plantado",Rodadas!$C$2:$C$65,"Widget",Rodadas!$D$2:$D$65,"FS") -> 2 | O23: =SUMIFS(Rodadas!$Q$2:$Q$65,Rodadas!$F$2:$F$65,"Bug plantado",Rodadas!$C$2:$C$65,"Widget",Rodadas!$D$2:$D$65,"FS") -> 0 | P23: =COUNTIFS(Rodadas!$F$2:$F$65,"Bug plantado",Rodadas!$C$2:$C$65,"Widget",Rodadas!$D$2:$D$65,"FS",Rodadas!$Q$2:$Q$65,">0") -> 0 | Q23: =COUNTIFS(Rodadas!$F$2:$F$65,"Bug plantado",Rodadas!$C$2:$C$65,"Widget",Rodadas!$D$2:$D$65,"FS",Rodadas!$M$2:$M$65,"<>executa") -> 0
A24: Bug plantado | B24: Widget | C24: COT | D24: =COUNTIFS(Rodadas!$F$2:$F$65,"Bug plantado",Rodadas!$C$2:$C$65,"Widget",Rodadas!$D$2:$D$65,"COT") -> 2 | E24: =SUMIFS(Rodadas!$J$2:$J$65,Rodadas!$F$2:$F$65,"Bug plantado",Rodadas!$C$2:$C$65,"Widget",Rodadas!$D$2:$D$65,"COT") -> 19 | F24: =SUMIFS(Rodadas!$K$2:$K$65,Rodadas!$F$2:$F$65,"Bug plantado",Rodadas!$C$2:$C$65,"Widget",Rodadas!$D$2:$D$65,"COT") -> 18 | G24: =IFERROR(F24/E24,0) -> 0.94736842 | H24: =COUNTIFS(Rodadas!$F$2:$F$65,"Bug plantado",Rodadas!$C$2:$C$65,"Widget",Rodadas!$D$2:$D$65,"COT",Rodadas!$L$2:$L$65,0,Rodadas!$K$2:$K$65,">0") -> 1 | I24: =COUNTIFS(Rodadas!$F$2:$F$65,"Bug plantado",Rodadas!$C$2:$C$65,"Widget",Rodadas!$D$2:$D$65,"COT",Rodadas!$I$2:$I$65,"Sim") -> 2 | J24: =COUNTIFS(Rodadas!$F$2:$F$65,"Bug plantado",Rodadas!$C$2:$C$65,"Widget",Rodadas!$D$2:$D$65,"COT",Rodadas!$O$2:$O$65,">0") -> 1 | K24: =SUMIFS(Rodadas!$O$2:$O$65,Rodadas!$F$2:$F$65,"Bug plantado",Rodadas!$C$2:$C$65,"Widget",Rodadas!$D$2:$D$65,"COT") -> 1 | L24: =IFERROR(K24/D24,0) -> 0.5 | M24: =COUNTIFS(Rodadas!$F$2:$F$65,"Bug plantado",Rodadas!$C$2:$C$65,"Widget",Rodadas!$D$2:$D$65,"COT",Rodadas!$O$2:$O$65,3) -> 0 | N24: =SUMIFS(Rodadas!$P$2:$P$65,Rodadas!$F$2:$F$65,"Bug plantado",Rodadas!$C$2:$C$65,"Widget",Rodadas!$D$2:$D$65,"COT") -> 2 | O24: =SUMIFS(Rodadas!$Q$2:$Q$65,Rodadas!$F$2:$F$65,"Bug plantado",Rodadas!$C$2:$C$65,"Widget",Rodadas!$D$2:$D$65,"COT") -> 0 | P24: =COUNTIFS(Rodadas!$F$2:$F$65,"Bug plantado",Rodadas!$C$2:$C$65,"Widget",Rodadas!$D$2:$D$65,"COT",Rodadas!$Q$2:$Q$65,">0") -> 0 | Q24: =COUNTIFS(Rodadas!$F$2:$F$65,"Bug plantado",Rodadas!$C$2:$C$65,"Widget",Rodadas!$D$2:$D$65,"COT",Rodadas!$M$2:$M$65,"<>executa") -> 0
A25: Bug plantado | B25: Widget | C25: Todas | D25: =COUNTIFS(Rodadas!$F$2:$F$65,"Bug plantado",Rodadas!$C$2:$C$65,"Widget") -> 6 | E25: =SUMIFS(Rodadas!$J$2:$J$65,Rodadas!$F$2:$F$65,"Bug plantado",Rodadas!$C$2:$C$65,"Widget") -> 49 | F25: =SUMIFS(Rodadas!$K$2:$K$65,Rodadas!$F$2:$F$65,"Bug plantado",Rodadas!$C$2:$C$65,"Widget") -> 45 | G25: =IFERROR(F25/E25,0) -> 0.91836735 | H25: =COUNTIFS(Rodadas!$F$2:$F$65,"Bug plantado",Rodadas!$C$2:$C$65,"Widget",Rodadas!$L$2:$L$65,0,Rodadas!$K$2:$K$65,">0") -> 3 | I25: =COUNTIFS(Rodadas!$F$2:$F$65,"Bug plantado",Rodadas!$C$2:$C$65,"Widget",Rodadas!$I$2:$I$65,"Sim") -> 4 | J25: =COUNTIFS(Rodadas!$F$2:$F$65,"Bug plantado",Rodadas!$C$2:$C$65,"Widget",Rodadas!$O$2:$O$65,">0") -> 4 | K25: =SUMIFS(Rodadas!$O$2:$O$65,Rodadas!$F$2:$F$65,"Bug plantado",Rodadas!$C$2:$C$65,"Widget") -> 8 | L25: =IFERROR(K25/D25,0) -> 1.3333333 | M25: =COUNTIFS(Rodadas!$F$2:$F$65,"Bug plantado",Rodadas!$C$2:$C$65,"Widget",Rodadas!$O$2:$O$65,3) -> 1 | N25: =SUMIFS(Rodadas!$P$2:$P$65,Rodadas!$F$2:$F$65,"Bug plantado",Rodadas!$C$2:$C$65,"Widget") -> 7 | O25: =SUMIFS(Rodadas!$Q$2:$Q$65,Rodadas!$F$2:$F$65,"Bug plantado",Rodadas!$C$2:$C$65,"Widget") -> 1 | P25: =COUNTIFS(Rodadas!$F$2:$F$65,"Bug plantado",Rodadas!$C$2:$C$65,"Widget",Rodadas!$Q$2:$Q$65,">0") -> 1 | Q25: =COUNTIFS(Rodadas!$F$2:$F$65,"Bug plantado",Rodadas!$C$2:$C$65,"Widget",Rodadas!$M$2:$M$65,"<>executa") -> 0
A26: Bug plantado | B26: Integração | C26: ZS | D26: =COUNTIFS(Rodadas!$F$2:$F$65,"Bug plantado",Rodadas!$C$2:$C$65,"Integração",Rodadas!$D$2:$D$65,"ZS") -> 2 | E26: =SUMIFS(Rodadas!$J$2:$J$65,Rodadas!$F$2:$F$65,"Bug plantado",Rodadas!$C$2:$C$65,"Integração",Rodadas!$D$2:$D$65,"ZS") -> 7 | F26: =SUMIFS(Rodadas!$K$2:$K$65,Rodadas!$F$2:$F$65,"Bug plantado",Rodadas!$C$2:$C$65,"Integração",Rodadas!$D$2:$D$65,"ZS") -> 3 | G26: =IFERROR(F26/E26,0) -> 0.42857143 | H26: =COUNTIFS(Rodadas!$F$2:$F$65,"Bug plantado",Rodadas!$C$2:$C$65,"Integração",Rodadas!$D$2:$D$65,"ZS",Rodadas!$L$2:$L$65,0,Rodadas!$K$2:$K$65,">0") -> 1 | I26: =COUNTIFS(Rodadas!$F$2:$F$65,"Bug plantado",Rodadas!$C$2:$C$65,"Integração",Rodadas!$D$2:$D$65,"ZS",Rodadas!$I$2:$I$65,"Sim") -> 1 | J26: =COUNTIFS(Rodadas!$F$2:$F$65,"Bug plantado",Rodadas!$C$2:$C$65,"Integração",Rodadas!$D$2:$D$65,"ZS",Rodadas!$O$2:$O$65,">0") -> 2 | K26: =SUMIFS(Rodadas!$O$2:$O$65,Rodadas!$F$2:$F$65,"Bug plantado",Rodadas!$C$2:$C$65,"Integração",Rodadas!$D$2:$D$65,"ZS") -> 4 | L26: =IFERROR(K26/D26,0) -> 2 | M26: =COUNTIFS(Rodadas!$F$2:$F$65,"Bug plantado",Rodadas!$C$2:$C$65,"Integração",Rodadas!$D$2:$D$65,"ZS",Rodadas!$O$2:$O$65,3) -> 1 | N26: =SUMIFS(Rodadas!$P$2:$P$65,Rodadas!$F$2:$F$65,"Bug plantado",Rodadas!$C$2:$C$65,"Integração",Rodadas!$D$2:$D$65,"ZS") -> 2 | O26: =SUMIFS(Rodadas!$Q$2:$Q$65,Rodadas!$F$2:$F$65,"Bug plantado",Rodadas!$C$2:$C$65,"Integração",Rodadas!$D$2:$D$65,"ZS") -> 0 | P26: =COUNTIFS(Rodadas!$F$2:$F$65,"Bug plantado",Rodadas!$C$2:$C$65,"Integração",Rodadas!$D$2:$D$65,"ZS",Rodadas!$Q$2:$Q$65,">0") -> 0 | Q26: =COUNTIFS(Rodadas!$F$2:$F$65,"Bug plantado",Rodadas!$C$2:$C$65,"Integração",Rodadas!$D$2:$D$65,"ZS",Rodadas!$M$2:$M$65,"<>executa") -> 0
A27: Bug plantado | B27: Integração | C27: FS | D27: =COUNTIFS(Rodadas!$F$2:$F$65,"Bug plantado",Rodadas!$C$2:$C$65,"Integração",Rodadas!$D$2:$D$65,"FS") -> 2 | E27: =SUMIFS(Rodadas!$J$2:$J$65,Rodadas!$F$2:$F$65,"Bug plantado",Rodadas!$C$2:$C$65,"Integração",Rodadas!$D$2:$D$65,"FS") -> 6 | F27: =SUMIFS(Rodadas!$K$2:$K$65,Rodadas!$F$2:$F$65,"Bug plantado",Rodadas!$C$2:$C$65,"Integração",Rodadas!$D$2:$D$65,"FS") -> 1 | G27: =IFERROR(F27/E27,0) -> 0.16666667 | H27: =COUNTIFS(Rodadas!$F$2:$F$65,"Bug plantado",Rodadas!$C$2:$C$65,"Integração",Rodadas!$D$2:$D$65,"FS",Rodadas!$L$2:$L$65,0,Rodadas!$K$2:$K$65,">0") -> 0 | I27: =COUNTIFS(Rodadas!$F$2:$F$65,"Bug plantado",Rodadas!$C$2:$C$65,"Integração",Rodadas!$D$2:$D$65,"FS",Rodadas!$I$2:$I$65,"Sim") -> 0 | J27: =COUNTIFS(Rodadas!$F$2:$F$65,"Bug plantado",Rodadas!$C$2:$C$65,"Integração",Rodadas!$D$2:$D$65,"FS",Rodadas!$O$2:$O$65,">0") -> 2 | K27: =SUMIFS(Rodadas!$O$2:$O$65,Rodadas!$F$2:$F$65,"Bug plantado",Rodadas!$C$2:$C$65,"Integração",Rodadas!$D$2:$D$65,"FS") -> 5 | L27: =IFERROR(K27/D27,0) -> 2.5 | M27: =COUNTIFS(Rodadas!$F$2:$F$65,"Bug plantado",Rodadas!$C$2:$C$65,"Integração",Rodadas!$D$2:$D$65,"FS",Rodadas!$O$2:$O$65,3) -> 1 | N27: =SUMIFS(Rodadas!$P$2:$P$65,Rodadas!$F$2:$F$65,"Bug plantado",Rodadas!$C$2:$C$65,"Integração",Rodadas!$D$2:$D$65,"FS") -> 2 | O27: =SUMIFS(Rodadas!$Q$2:$Q$65,Rodadas!$F$2:$F$65,"Bug plantado",Rodadas!$C$2:$C$65,"Integração",Rodadas!$D$2:$D$65,"FS") -> 0 | P27: =COUNTIFS(Rodadas!$F$2:$F$65,"Bug plantado",Rodadas!$C$2:$C$65,"Integração",Rodadas!$D$2:$D$65,"FS",Rodadas!$Q$2:$Q$65,">0") -> 0 | Q27: =COUNTIFS(Rodadas!$F$2:$F$65,"Bug plantado",Rodadas!$C$2:$C$65,"Integração",Rodadas!$D$2:$D$65,"FS",Rodadas!$M$2:$M$65,"<>executa") -> 1
A28: Bug plantado | B28: Integração | C28: COT | D28: =COUNTIFS(Rodadas!$F$2:$F$65,"Bug plantado",Rodadas!$C$2:$C$65,"Integração",Rodadas!$D$2:$D$65,"COT") -> 2 | E28: =SUMIFS(Rodadas!$J$2:$J$65,Rodadas!$F$2:$F$65,"Bug plantado",Rodadas!$C$2:$C$65,"Integração",Rodadas!$D$2:$D$65,"COT") -> 10 | F28: =SUMIFS(Rodadas!$K$2:$K$65,Rodadas!$F$2:$F$65,"Bug plantado",Rodadas!$C$2:$C$65,"Integração",Rodadas!$D$2:$D$65,"COT") -> 6 | G28: =IFERROR(F28/E28,0) -> 0.6 | H28: =COUNTIFS(Rodadas!$F$2:$F$65,"Bug plantado",Rodadas!$C$2:$C$65,"Integração",Rodadas!$D$2:$D$65,"COT",Rodadas!$L$2:$L$65,0,Rodadas!$K$2:$K$65,">0") -> 1 | I28: =COUNTIFS(Rodadas!$F$2:$F$65,"Bug plantado",Rodadas!$C$2:$C$65,"Integração",Rodadas!$D$2:$D$65,"COT",Rodadas!$I$2:$I$65,"Sim") -> 1 | J28: =COUNTIFS(Rodadas!$F$2:$F$65,"Bug plantado",Rodadas!$C$2:$C$65,"Integração",Rodadas!$D$2:$D$65,"COT",Rodadas!$O$2:$O$65,">0") -> 2 | K28: =SUMIFS(Rodadas!$O$2:$O$65,Rodadas!$F$2:$F$65,"Bug plantado",Rodadas!$C$2:$C$65,"Integração",Rodadas!$D$2:$D$65,"COT") -> 4 | L28: =IFERROR(K28/D28,0) -> 2 | M28: =COUNTIFS(Rodadas!$F$2:$F$65,"Bug plantado",Rodadas!$C$2:$C$65,"Integração",Rodadas!$D$2:$D$65,"COT",Rodadas!$O$2:$O$65,3) -> 1 | N28: =SUMIFS(Rodadas!$P$2:$P$65,Rodadas!$F$2:$F$65,"Bug plantado",Rodadas!$C$2:$C$65,"Integração",Rodadas!$D$2:$D$65,"COT") -> 2 | O28: =SUMIFS(Rodadas!$Q$2:$Q$65,Rodadas!$F$2:$F$65,"Bug plantado",Rodadas!$C$2:$C$65,"Integração",Rodadas!$D$2:$D$65,"COT") -> 0 | P28: =COUNTIFS(Rodadas!$F$2:$F$65,"Bug plantado",Rodadas!$C$2:$C$65,"Integração",Rodadas!$D$2:$D$65,"COT",Rodadas!$Q$2:$Q$65,">0") -> 0 | Q28: =COUNTIFS(Rodadas!$F$2:$F$65,"Bug plantado",Rodadas!$C$2:$C$65,"Integração",Rodadas!$D$2:$D$65,"COT",Rodadas!$M$2:$M$65,"<>executa") -> 0
A29: Bug plantado | B29: Integração | C29: Todas | D29: =COUNTIFS(Rodadas!$F$2:$F$65,"Bug plantado",Rodadas!$C$2:$C$65,"Integração") -> 6 | E29: =SUMIFS(Rodadas!$J$2:$J$65,Rodadas!$F$2:$F$65,"Bug plantado",Rodadas!$C$2:$C$65,"Integração") -> 23 | F29: =SUMIFS(Rodadas!$K$2:$K$65,Rodadas!$F$2:$F$65,"Bug plantado",Rodadas!$C$2:$C$65,"Integração") -> 10 | G29: =IFERROR(F29/E29,0) -> 0.43478261 | H29: =COUNTIFS(Rodadas!$F$2:$F$65,"Bug plantado",Rodadas!$C$2:$C$65,"Integração",Rodadas!$L$2:$L$65,0,Rodadas!$K$2:$K$65,">0") -> 2 | I29: =COUNTIFS(Rodadas!$F$2:$F$65,"Bug plantado",Rodadas!$C$2:$C$65,"Integração",Rodadas!$I$2:$I$65,"Sim") -> 2 | J29: =COUNTIFS(Rodadas!$F$2:$F$65,"Bug plantado",Rodadas!$C$2:$C$65,"Integração",Rodadas!$O$2:$O$65,">0") -> 6 | K29: =SUMIFS(Rodadas!$O$2:$O$65,Rodadas!$F$2:$F$65,"Bug plantado",Rodadas!$C$2:$C$65,"Integração") -> 13 | L29: =IFERROR(K29/D29,0) -> 2.1666667 | M29: =COUNTIFS(Rodadas!$F$2:$F$65,"Bug plantado",Rodadas!$C$2:$C$65,"Integração",Rodadas!$O$2:$O$65,3) -> 3 | N29: =SUMIFS(Rodadas!$P$2:$P$65,Rodadas!$F$2:$F$65,"Bug plantado",Rodadas!$C$2:$C$65,"Integração") -> 6 | O29: =SUMIFS(Rodadas!$Q$2:$Q$65,Rodadas!$F$2:$F$65,"Bug plantado",Rodadas!$C$2:$C$65,"Integração") -> 0 | P29: =COUNTIFS(Rodadas!$F$2:$F$65,"Bug plantado",Rodadas!$C$2:$C$65,"Integração",Rodadas!$Q$2:$Q$65,">0") -> 0 | Q29: =COUNTIFS(Rodadas!$F$2:$F$65,"Bug plantado",Rodadas!$C$2:$C$65,"Integração",Rodadas!$M$2:$M$65,"<>executa") -> 1
A30: Bug plantado | B30: Todos | C30: Todas | D30: =COUNTIFS(Rodadas!$F$2:$F$65,"Bug plantado") -> 18 | E30: =SUMIFS(Rodadas!$J$2:$J$65,Rodadas!$F$2:$F$65,"Bug plantado") -> 119 | F30: =SUMIFS(Rodadas!$K$2:$K$65,Rodadas!$F$2:$F$65,"Bug plantado") -> 102 | G30: =IFERROR(F30/E30,0) -> 0.85714286 | H30: =COUNTIFS(Rodadas!$F$2:$F$65,"Bug plantado",Rodadas!$L$2:$L$65,0,Rodadas!$K$2:$K$65,">0") -> 11 | I30: =COUNTIFS(Rodadas!$F$2:$F$65,"Bug plantado",Rodadas!$I$2:$I$65,"Sim") -> 12 | J30: =COUNTIFS(Rodadas!$F$2:$F$65,"Bug plantado",Rodadas!$O$2:$O$65,">0") -> 10 | K30: =SUMIFS(Rodadas!$O$2:$O$65,Rodadas!$F$2:$F$65,"Bug plantado") -> 21 | L30: =IFERROR(K30/D30,0) -> 1.1666667 | M30: =COUNTIFS(Rodadas!$F$2:$F$65,"Bug plantado",Rodadas!$O$2:$O$65,3) -> 4 | N30: =SUMIFS(Rodadas!$P$2:$P$65,Rodadas!$F$2:$F$65,"Bug plantado") -> 20 | O30: =SUMIFS(Rodadas!$Q$2:$Q$65,Rodadas!$F$2:$F$65,"Bug plantado") -> 2 | P30: =COUNTIFS(Rodadas!$F$2:$F$65,"Bug plantado",Rodadas!$Q$2:$Q$65,">0") -> 2 | Q30: =COUNTIFS(Rodadas!$F$2:$F$65,"Bug plantado",Rodadas!$M$2:$M$65,"<>executa") -> 1
A32: formatName (bug nativo) | B32: Unitário | C32: ZS | D32: =COUNTIFS(Rodadas!$F$2:$F$65,"formatName (bug nativo)",Rodadas!$C$2:$C$65,"Unitário",Rodadas!$D$2:$D$65,"ZS") -> 1 | E32: =SUMIFS(Rodadas!$J$2:$J$65,Rodadas!$F$2:$F$65,"formatName (bug nativo)",Rodadas!$C$2:$C$65,"Unitário",Rodadas!$D$2:$D$65,"ZS") -> 10 | F32: =SUMIFS(Rodadas!$K$2:$K$65,Rodadas!$F$2:$F$65,"formatName (bug nativo)",Rodadas!$C$2:$C$65,"Unitário",Rodadas!$D$2:$D$65,"ZS") -> 10 | G32: =IFERROR(F32/E32,0) -> 1 | H32: =COUNTIFS(Rodadas!$F$2:$F$65,"formatName (bug nativo)",Rodadas!$C$2:$C$65,"Unitário",Rodadas!$D$2:$D$65,"ZS",Rodadas!$L$2:$L$65,0,Rodadas!$K$2:$K$65,">0") -> 1 | I32: =COUNTIFS(Rodadas!$F$2:$F$65,"formatName (bug nativo)",Rodadas!$C$2:$C$65,"Unitário",Rodadas!$D$2:$D$65,"ZS",Rodadas!$I$2:$I$65,"Sim") -> 1 | J32: =COUNTIFS(Rodadas!$F$2:$F$65,"formatName (bug nativo)",Rodadas!$C$2:$C$65,"Unitário",Rodadas!$D$2:$D$65,"ZS",Rodadas!$O$2:$O$65,">0") -> 0 | K32: =SUMIFS(Rodadas!$O$2:$O$65,Rodadas!$F$2:$F$65,"formatName (bug nativo)",Rodadas!$C$2:$C$65,"Unitário",Rodadas!$D$2:$D$65,"ZS") -> 0 | L32: =IFERROR(K32/D32,0) -> 0 | M32: =COUNTIFS(Rodadas!$F$2:$F$65,"formatName (bug nativo)",Rodadas!$C$2:$C$65,"Unitário",Rodadas!$D$2:$D$65,"ZS",Rodadas!$O$2:$O$65,3) -> 0 | N32: =SUMIFS(Rodadas!$P$2:$P$65,Rodadas!$F$2:$F$65,"formatName (bug nativo)",Rodadas!$C$2:$C$65,"Unitário",Rodadas!$D$2:$D$65,"ZS") -> 3 | O32: =SUMIFS(Rodadas!$Q$2:$Q$65,Rodadas!$F$2:$F$65,"formatName (bug nativo)",Rodadas!$C$2:$C$65,"Unitário",Rodadas!$D$2:$D$65,"ZS") -> 2 | P32: =COUNTIFS(Rodadas!$F$2:$F$65,"formatName (bug nativo)",Rodadas!$C$2:$C$65,"Unitário",Rodadas!$D$2:$D$65,"ZS",Rodadas!$Q$2:$Q$65,">0") -> 1 | Q32: =COUNTIFS(Rodadas!$F$2:$F$65,"formatName (bug nativo)",Rodadas!$C$2:$C$65,"Unitário",Rodadas!$D$2:$D$65,"ZS",Rodadas!$M$2:$M$65,"<>executa") -> 0
A33: formatName (bug nativo) | B33: Unitário | C33: FS | D33: =COUNTIFS(Rodadas!$F$2:$F$65,"formatName (bug nativo)",Rodadas!$C$2:$C$65,"Unitário",Rodadas!$D$2:$D$65,"FS") -> 1 | E33: =SUMIFS(Rodadas!$J$2:$J$65,Rodadas!$F$2:$F$65,"formatName (bug nativo)",Rodadas!$C$2:$C$65,"Unitário",Rodadas!$D$2:$D$65,"FS") -> 5 | F33: =SUMIFS(Rodadas!$K$2:$K$65,Rodadas!$F$2:$F$65,"formatName (bug nativo)",Rodadas!$C$2:$C$65,"Unitário",Rodadas!$D$2:$D$65,"FS") -> 5 | G33: =IFERROR(F33/E33,0) -> 1 | H33: =COUNTIFS(Rodadas!$F$2:$F$65,"formatName (bug nativo)",Rodadas!$C$2:$C$65,"Unitário",Rodadas!$D$2:$D$65,"FS",Rodadas!$L$2:$L$65,0,Rodadas!$K$2:$K$65,">0") -> 1 | I33: =COUNTIFS(Rodadas!$F$2:$F$65,"formatName (bug nativo)",Rodadas!$C$2:$C$65,"Unitário",Rodadas!$D$2:$D$65,"FS",Rodadas!$I$2:$I$65,"Sim") -> 1 | J33: =COUNTIFS(Rodadas!$F$2:$F$65,"formatName (bug nativo)",Rodadas!$C$2:$C$65,"Unitário",Rodadas!$D$2:$D$65,"FS",Rodadas!$O$2:$O$65,">0") -> 0 | K33: =SUMIFS(Rodadas!$O$2:$O$65,Rodadas!$F$2:$F$65,"formatName (bug nativo)",Rodadas!$C$2:$C$65,"Unitário",Rodadas!$D$2:$D$65,"FS") -> 0 | L33: =IFERROR(K33/D33,0) -> 0 | M33: =COUNTIFS(Rodadas!$F$2:$F$65,"formatName (bug nativo)",Rodadas!$C$2:$C$65,"Unitário",Rodadas!$D$2:$D$65,"FS",Rodadas!$O$2:$O$65,3) -> 0 | N33: =SUMIFS(Rodadas!$P$2:$P$65,Rodadas!$F$2:$F$65,"formatName (bug nativo)",Rodadas!$C$2:$C$65,"Unitário",Rodadas!$D$2:$D$65,"FS") -> 1 | O33: =SUMIFS(Rodadas!$Q$2:$Q$65,Rodadas!$F$2:$F$65,"formatName (bug nativo)",Rodadas!$C$2:$C$65,"Unitário",Rodadas!$D$2:$D$65,"FS") -> 0 | P33: =COUNTIFS(Rodadas!$F$2:$F$65,"formatName (bug nativo)",Rodadas!$C$2:$C$65,"Unitário",Rodadas!$D$2:$D$65,"FS",Rodadas!$Q$2:$Q$65,">0") -> 0 | Q33: =COUNTIFS(Rodadas!$F$2:$F$65,"formatName (bug nativo)",Rodadas!$C$2:$C$65,"Unitário",Rodadas!$D$2:$D$65,"FS",Rodadas!$M$2:$M$65,"<>executa") -> 0
A34: formatName (bug nativo) | B34: Unitário | C34: COT | D34: =COUNTIFS(Rodadas!$F$2:$F$65,"formatName (bug nativo)",Rodadas!$C$2:$C$65,"Unitário",Rodadas!$D$2:$D$65,"COT") -> 1 | E34: =SUMIFS(Rodadas!$J$2:$J$65,Rodadas!$F$2:$F$65,"formatName (bug nativo)",Rodadas!$C$2:$C$65,"Unitário",Rodadas!$D$2:$D$65,"COT") -> 9 | F34: =SUMIFS(Rodadas!$K$2:$K$65,Rodadas!$F$2:$F$65,"formatName (bug nativo)",Rodadas!$C$2:$C$65,"Unitário",Rodadas!$D$2:$D$65,"COT") -> 9 | G34: =IFERROR(F34/E34,0) -> 1 | H34: =COUNTIFS(Rodadas!$F$2:$F$65,"formatName (bug nativo)",Rodadas!$C$2:$C$65,"Unitário",Rodadas!$D$2:$D$65,"COT",Rodadas!$L$2:$L$65,0,Rodadas!$K$2:$K$65,">0") -> 1 | I34: =COUNTIFS(Rodadas!$F$2:$F$65,"formatName (bug nativo)",Rodadas!$C$2:$C$65,"Unitário",Rodadas!$D$2:$D$65,"COT",Rodadas!$I$2:$I$65,"Sim") -> 1 | J34: =COUNTIFS(Rodadas!$F$2:$F$65,"formatName (bug nativo)",Rodadas!$C$2:$C$65,"Unitário",Rodadas!$D$2:$D$65,"COT",Rodadas!$O$2:$O$65,">0") -> 0 | K34: =SUMIFS(Rodadas!$O$2:$O$65,Rodadas!$F$2:$F$65,"formatName (bug nativo)",Rodadas!$C$2:$C$65,"Unitário",Rodadas!$D$2:$D$65,"COT") -> 0 | L34: =IFERROR(K34/D34,0) -> 0 | M34: =COUNTIFS(Rodadas!$F$2:$F$65,"formatName (bug nativo)",Rodadas!$C$2:$C$65,"Unitário",Rodadas!$D$2:$D$65,"COT",Rodadas!$O$2:$O$65,3) -> 0 | N34: =SUMIFS(Rodadas!$P$2:$P$65,Rodadas!$F$2:$F$65,"formatName (bug nativo)",Rodadas!$C$2:$C$65,"Unitário",Rodadas!$D$2:$D$65,"COT") -> 1 | O34: =SUMIFS(Rodadas!$Q$2:$Q$65,Rodadas!$F$2:$F$65,"formatName (bug nativo)",Rodadas!$C$2:$C$65,"Unitário",Rodadas!$D$2:$D$65,"COT") -> 0 | P34: =COUNTIFS(Rodadas!$F$2:$F$65,"formatName (bug nativo)",Rodadas!$C$2:$C$65,"Unitário",Rodadas!$D$2:$D$65,"COT",Rodadas!$Q$2:$Q$65,">0") -> 0 | Q34: =COUNTIFS(Rodadas!$F$2:$F$65,"formatName (bug nativo)",Rodadas!$C$2:$C$65,"Unitário",Rodadas!$D$2:$D$65,"COT",Rodadas!$M$2:$M$65,"<>executa") -> 0
A35: formatName (bug nativo) | B35: Unitário | C35: Todas | D35: =COUNTIFS(Rodadas!$F$2:$F$65,"formatName (bug nativo)",Rodadas!$C$2:$C$65,"Unitário") -> 3 | E35: =SUMIFS(Rodadas!$J$2:$J$65,Rodadas!$F$2:$F$65,"formatName (bug nativo)",Rodadas!$C$2:$C$65,"Unitário") -> 24 | F35: =SUMIFS(Rodadas!$K$2:$K$65,Rodadas!$F$2:$F$65,"formatName (bug nativo)",Rodadas!$C$2:$C$65,"Unitário") -> 24 | G35: =IFERROR(F35/E35,0) -> 1 | H35: =COUNTIFS(Rodadas!$F$2:$F$65,"formatName (bug nativo)",Rodadas!$C$2:$C$65,"Unitário",Rodadas!$L$2:$L$65,0,Rodadas!$K$2:$K$65,">0") -> 3 | I35: =COUNTIFS(Rodadas!$F$2:$F$65,"formatName (bug nativo)",Rodadas!$C$2:$C$65,"Unitário",Rodadas!$I$2:$I$65,"Sim") -> 3 | J35: =COUNTIFS(Rodadas!$F$2:$F$65,"formatName (bug nativo)",Rodadas!$C$2:$C$65,"Unitário",Rodadas!$O$2:$O$65,">0") -> 0 | K35: =SUMIFS(Rodadas!$O$2:$O$65,Rodadas!$F$2:$F$65,"formatName (bug nativo)",Rodadas!$C$2:$C$65,"Unitário") -> 0 | L35: =IFERROR(K35/D35,0) -> 0 | M35: =COUNTIFS(Rodadas!$F$2:$F$65,"formatName (bug nativo)",Rodadas!$C$2:$C$65,"Unitário",Rodadas!$O$2:$O$65,3) -> 0 | N35: =SUMIFS(Rodadas!$P$2:$P$65,Rodadas!$F$2:$F$65,"formatName (bug nativo)",Rodadas!$C$2:$C$65,"Unitário") -> 5 | O35: =SUMIFS(Rodadas!$Q$2:$Q$65,Rodadas!$F$2:$F$65,"formatName (bug nativo)",Rodadas!$C$2:$C$65,"Unitário") -> 2 | P35: =COUNTIFS(Rodadas!$F$2:$F$65,"formatName (bug nativo)",Rodadas!$C$2:$C$65,"Unitário",Rodadas!$Q$2:$Q$65,">0") -> 1 | Q35: =COUNTIFS(Rodadas!$F$2:$F$65,"formatName (bug nativo)",Rodadas!$C$2:$C$65,"Unitário",Rodadas!$M$2:$M$65,"<>executa") -> 0
A36: formatName (bug nativo) | B36: Todos | C36: Todas | D36: =COUNTIFS(Rodadas!$F$2:$F$65,"formatName (bug nativo)") -> 3 | E36: =SUMIFS(Rodadas!$J$2:$J$65,Rodadas!$F$2:$F$65,"formatName (bug nativo)") -> 24 | F36: =SUMIFS(Rodadas!$K$2:$K$65,Rodadas!$F$2:$F$65,"formatName (bug nativo)") -> 24 | G36: =IFERROR(F36/E36,0) -> 1 | H36: =COUNTIFS(Rodadas!$F$2:$F$65,"formatName (bug nativo)",Rodadas!$L$2:$L$65,0,Rodadas!$K$2:$K$65,">0") -> 3 | I36: =COUNTIFS(Rodadas!$F$2:$F$65,"formatName (bug nativo)",Rodadas!$I$2:$I$65,"Sim") -> 3 | J36: =COUNTIFS(Rodadas!$F$2:$F$65,"formatName (bug nativo)",Rodadas!$O$2:$O$65,">0") -> 0 | K36: =SUMIFS(Rodadas!$O$2:$O$65,Rodadas!$F$2:$F$65,"formatName (bug nativo)") -> 0 | L36: =IFERROR(K36/D36,0) -> 0 | M36: =COUNTIFS(Rodadas!$F$2:$F$65,"formatName (bug nativo)",Rodadas!$O$2:$O$65,3) -> 0 | N36: =SUMIFS(Rodadas!$P$2:$P$65,Rodadas!$F$2:$F$65,"formatName (bug nativo)") -> 5 | O36: =SUMIFS(Rodadas!$Q$2:$Q$65,Rodadas!$F$2:$F$65,"formatName (bug nativo)") -> 2 | P36: =COUNTIFS(Rodadas!$F$2:$F$65,"formatName (bug nativo)",Rodadas!$Q$2:$Q$65,">0") -> 1 | Q36: =COUNTIFS(Rodadas!$F$2:$F$65,"formatName (bug nativo)",Rodadas!$M$2:$M$65,"<>executa") -> 0
A38: Limpo — todos os níveis, por estratégia
A39: Limpo | B39: Todos | C39: ZS | D39: =COUNTIFS(Rodadas!$F$2:$F$65,"Limpo",Rodadas!$D$2:$D$65,"ZS") -> 13 | E39: =SUMIFS(Rodadas!$J$2:$J$65,Rodadas!$F$2:$F$65,"Limpo",Rodadas!$D$2:$D$65,"ZS") -> 147 | F39: =SUMIFS(Rodadas!$K$2:$K$65,Rodadas!$F$2:$F$65,"Limpo",Rodadas!$D$2:$D$65,"ZS") -> 142 | G39: =IFERROR(F39/E39,0) -> 0.96598639 | H39: =COUNTIFS(Rodadas!$F$2:$F$65,"Limpo",Rodadas!$D$2:$D$65,"ZS",Rodadas!$L$2:$L$65,0,Rodadas!$K$2:$K$65,">0") -> 11 | I39: =COUNTIFS(Rodadas!$F$2:$F$65,"Limpo",Rodadas!$D$2:$D$65,"ZS",Rodadas!$I$2:$I$65,"Sim") -> 11 | J39: =COUNTIFS(Rodadas!$F$2:$F$65,"Limpo",Rodadas!$D$2:$D$65,"ZS",Rodadas!$O$2:$O$65,">0") -> 5 | K39: =SUMIFS(Rodadas!$O$2:$O$65,Rodadas!$F$2:$F$65,"Limpo",Rodadas!$D$2:$D$65,"ZS") -> 12 | L39: =IFERROR(K39/D39,0) -> 0.92307692 | M39: =COUNTIFS(Rodadas!$F$2:$F$65,"Limpo",Rodadas!$D$2:$D$65,"ZS",Rodadas!$O$2:$O$65,3) -> 3 | N39: =SUMIFS(Rodadas!$P$2:$P$65,Rodadas!$F$2:$F$65,"Limpo",Rodadas!$D$2:$D$65,"ZS") -> 18 | O39: =SUMIFS(Rodadas!$Q$2:$Q$65,Rodadas!$F$2:$F$65,"Limpo",Rodadas!$D$2:$D$65,"ZS") -> 4 | P39: =COUNTIFS(Rodadas!$F$2:$F$65,"Limpo",Rodadas!$D$2:$D$65,"ZS",Rodadas!$Q$2:$Q$65,">0") -> 3 | Q39: =COUNTIFS(Rodadas!$F$2:$F$65,"Limpo",Rodadas!$D$2:$D$65,"ZS",Rodadas!$M$2:$M$65,"<>executa") -> 1
A40: Limpo | B40: Todos | C40: FS | D40: =COUNTIFS(Rodadas!$F$2:$F$65,"Limpo",Rodadas!$D$2:$D$65,"FS") -> 13 | E40: =SUMIFS(Rodadas!$J$2:$J$65,Rodadas!$F$2:$F$65,"Limpo",Rodadas!$D$2:$D$65,"FS") -> 82 | F40: =SUMIFS(Rodadas!$K$2:$K$65,Rodadas!$F$2:$F$65,"Limpo",Rodadas!$D$2:$D$65,"FS") -> 77 | G40: =IFERROR(F40/E40,0) -> 0.93902439 | H40: =COUNTIFS(Rodadas!$F$2:$F$65,"Limpo",Rodadas!$D$2:$D$65,"FS",Rodadas!$L$2:$L$65,0,Rodadas!$K$2:$K$65,">0") -> 11 | I40: =COUNTIFS(Rodadas!$F$2:$F$65,"Limpo",Rodadas!$D$2:$D$65,"FS",Rodadas!$I$2:$I$65,"Sim") -> 11 | J40: =COUNTIFS(Rodadas!$F$2:$F$65,"Limpo",Rodadas!$D$2:$D$65,"FS",Rodadas!$O$2:$O$65,">0") -> 4 | K40: =SUMIFS(Rodadas!$O$2:$O$65,Rodadas!$F$2:$F$65,"Limpo",Rodadas!$D$2:$D$65,"FS") -> 9 | L40: =IFERROR(K40/D40,0) -> 0.69230769 | M40: =COUNTIFS(Rodadas!$F$2:$F$65,"Limpo",Rodadas!$D$2:$D$65,"FS",Rodadas!$O$2:$O$65,3) -> 2 | N40: =SUMIFS(Rodadas!$P$2:$P$65,Rodadas!$F$2:$F$65,"Limpo",Rodadas!$D$2:$D$65,"FS") -> 19 | O40: =SUMIFS(Rodadas!$Q$2:$Q$65,Rodadas!$F$2:$F$65,"Limpo",Rodadas!$D$2:$D$65,"FS") -> 6 | P40: =COUNTIFS(Rodadas!$F$2:$F$65,"Limpo",Rodadas!$D$2:$D$65,"FS",Rodadas!$Q$2:$Q$65,">0") -> 6 | Q40: =COUNTIFS(Rodadas!$F$2:$F$65,"Limpo",Rodadas!$D$2:$D$65,"FS",Rodadas!$M$2:$M$65,"<>executa") -> 0
A41: Limpo | B41: Todos | C41: COT | D41: =COUNTIFS(Rodadas!$F$2:$F$65,"Limpo",Rodadas!$D$2:$D$65,"COT") -> 13 | E41: =SUMIFS(Rodadas!$J$2:$J$65,Rodadas!$F$2:$F$65,"Limpo",Rodadas!$D$2:$D$65,"COT") -> 147 | F41: =SUMIFS(Rodadas!$K$2:$K$65,Rodadas!$F$2:$F$65,"Limpo",Rodadas!$D$2:$D$65,"COT") -> 123 | G41: =IFERROR(F41/E41,0) -> 0.83673469 | H41: =COUNTIFS(Rodadas!$F$2:$F$65,"Limpo",Rodadas!$D$2:$D$65,"COT",Rodadas!$L$2:$L$65,0,Rodadas!$K$2:$K$65,">0") -> 9 | I41: =COUNTIFS(Rodadas!$F$2:$F$65,"Limpo",Rodadas!$D$2:$D$65,"COT",Rodadas!$I$2:$I$65,"Sim") -> 9 | J41: =COUNTIFS(Rodadas!$F$2:$F$65,"Limpo",Rodadas!$D$2:$D$65,"COT",Rodadas!$O$2:$O$65,">0") -> 7 | K41: =SUMIFS(Rodadas!$O$2:$O$65,Rodadas!$F$2:$F$65,"Limpo",Rodadas!$D$2:$D$65,"COT") -> 18 | L41: =IFERROR(K41/D41,0) -> 1.3846154 | M41: =COUNTIFS(Rodadas!$F$2:$F$65,"Limpo",Rodadas!$D$2:$D$65,"COT",Rodadas!$O$2:$O$65,3) -> 5 | N41: =SUMIFS(Rodadas!$P$2:$P$65,Rodadas!$F$2:$F$65,"Limpo",Rodadas!$D$2:$D$65,"COT") -> 22 | O41: =SUMIFS(Rodadas!$Q$2:$Q$65,Rodadas!$F$2:$F$65,"Limpo",Rodadas!$D$2:$D$65,"COT") -> 7 | P41: =COUNTIFS(Rodadas!$F$2:$F$65,"Limpo",Rodadas!$D$2:$D$65,"COT",Rodadas!$Q$2:$Q$65,">0") -> 5 | Q41: =COUNTIFS(Rodadas!$F$2:$F$65,"Limpo",Rodadas!$D$2:$D$65,"COT",Rodadas!$M$2:$M$65,"<>executa") -> 1
A43: Bug plantado — todos os níveis, por estratégia
A44: Bug plantado | B44: Todos | C44: ZS | D44: =COUNTIFS(Rodadas!$F$2:$F$65,"Bug plantado",Rodadas!$D$2:$D$65,"ZS") -> 6 | E44: =SUMIFS(Rodadas!$J$2:$J$65,Rodadas!$F$2:$F$65,"Bug plantado",Rodadas!$D$2:$D$65,"ZS") -> 41 | F44: =SUMIFS(Rodadas!$K$2:$K$65,Rodadas!$F$2:$F$65,"Bug plantado",Rodadas!$D$2:$D$65,"ZS") -> 36 | G44: =IFERROR(F44/E44,0) -> 0.87804878 | H44: =COUNTIFS(Rodadas!$F$2:$F$65,"Bug plantado",Rodadas!$D$2:$D$65,"ZS",Rodadas!$L$2:$L$65,0,Rodadas!$K$2:$K$65,">0") -> 4 | I44: =COUNTIFS(Rodadas!$F$2:$F$65,"Bug plantado",Rodadas!$D$2:$D$65,"ZS",Rodadas!$I$2:$I$65,"Sim") -> 5 | J44: =COUNTIFS(Rodadas!$F$2:$F$65,"Bug plantado",Rodadas!$D$2:$D$65,"ZS",Rodadas!$O$2:$O$65,">0") -> 3 | K44: =SUMIFS(Rodadas!$O$2:$O$65,Rodadas!$F$2:$F$65,"Bug plantado",Rodadas!$D$2:$D$65,"ZS") -> 6 | L44: =IFERROR(K44/D44,0) -> 1 | M44: =COUNTIFS(Rodadas!$F$2:$F$65,"Bug plantado",Rodadas!$D$2:$D$65,"ZS",Rodadas!$O$2:$O$65,3) -> 1 | N44: =SUMIFS(Rodadas!$P$2:$P$65,Rodadas!$F$2:$F$65,"Bug plantado",Rodadas!$D$2:$D$65,"ZS") -> 7 | O44: =SUMIFS(Rodadas!$Q$2:$Q$65,Rodadas!$F$2:$F$65,"Bug plantado",Rodadas!$D$2:$D$65,"ZS") -> 1 | P44: =COUNTIFS(Rodadas!$F$2:$F$65,"Bug plantado",Rodadas!$D$2:$D$65,"ZS",Rodadas!$Q$2:$Q$65,">0") -> 1 | Q44: =COUNTIFS(Rodadas!$F$2:$F$65,"Bug plantado",Rodadas!$D$2:$D$65,"ZS",Rodadas!$M$2:$M$65,"<>executa") -> 0
A45: Bug plantado | B45: Todos | C45: FS | D45: =COUNTIFS(Rodadas!$F$2:$F$65,"Bug plantado",Rodadas!$D$2:$D$65,"FS") -> 6 | E45: =SUMIFS(Rodadas!$J$2:$J$65,Rodadas!$F$2:$F$65,"Bug plantado",Rodadas!$D$2:$D$65,"FS") -> 31 | F45: =SUMIFS(Rodadas!$K$2:$K$65,Rodadas!$F$2:$F$65,"Bug plantado",Rodadas!$D$2:$D$65,"FS") -> 24 | G45: =IFERROR(F45/E45,0) -> 0.77419355 | H45: =COUNTIFS(Rodadas!$F$2:$F$65,"Bug plantado",Rodadas!$D$2:$D$65,"FS",Rodadas!$L$2:$L$65,0,Rodadas!$K$2:$K$65,">0") -> 3 | I45: =COUNTIFS(Rodadas!$F$2:$F$65,"Bug plantado",Rodadas!$D$2:$D$65,"FS",Rodadas!$I$2:$I$65,"Sim") -> 2 | J45: =COUNTIFS(Rodadas!$F$2:$F$65,"Bug plantado",Rodadas!$D$2:$D$65,"FS",Rodadas!$O$2:$O$65,">0") -> 4 | K45: =SUMIFS(Rodadas!$O$2:$O$65,Rodadas!$F$2:$F$65,"Bug plantado",Rodadas!$D$2:$D$65,"FS") -> 10 | L45: =IFERROR(K45/D45,0) -> 1.6666667 | M45: =COUNTIFS(Rodadas!$F$2:$F$65,"Bug plantado",Rodadas!$D$2:$D$65,"FS",Rodadas!$O$2:$O$65,3) -> 2 | N45: =SUMIFS(Rodadas!$P$2:$P$65,Rodadas!$F$2:$F$65,"Bug plantado",Rodadas!$D$2:$D$65,"FS") -> 6 | O45: =SUMIFS(Rodadas!$Q$2:$Q$65,Rodadas!$F$2:$F$65,"Bug plantado",Rodadas!$D$2:$D$65,"FS") -> 0 | P45: =COUNTIFS(Rodadas!$F$2:$F$65,"Bug plantado",Rodadas!$D$2:$D$65,"FS",Rodadas!$Q$2:$Q$65,">0") -> 0 | Q45: =COUNTIFS(Rodadas!$F$2:$F$65,"Bug plantado",Rodadas!$D$2:$D$65,"FS",Rodadas!$M$2:$M$65,"<>executa") -> 1
A46: Bug plantado | B46: Todos | C46: COT | D46: =COUNTIFS(Rodadas!$F$2:$F$65,"Bug plantado",Rodadas!$D$2:$D$65,"COT") -> 6 | E46: =SUMIFS(Rodadas!$J$2:$J$65,Rodadas!$F$2:$F$65,"Bug plantado",Rodadas!$D$2:$D$65,"COT") -> 47 | F46: =SUMIFS(Rodadas!$K$2:$K$65,Rodadas!$F$2:$F$65,"Bug plantado",Rodadas!$D$2:$D$65,"COT") -> 42 | G46: =IFERROR(F46/E46,0) -> 0.89361702 | H46: =COUNTIFS(Rodadas!$F$2:$F$65,"Bug plantado",Rodadas!$D$2:$D$65,"COT",Rodadas!$L$2:$L$65,0,Rodadas!$K$2:$K$65,">0") -> 4 | I46: =COUNTIFS(Rodadas!$F$2:$F$65,"Bug plantado",Rodadas!$D$2:$D$65,"COT",Rodadas!$I$2:$I$65,"Sim") -> 5 | J46: =COUNTIFS(Rodadas!$F$2:$F$65,"Bug plantado",Rodadas!$D$2:$D$65,"COT",Rodadas!$O$2:$O$65,">0") -> 3 | K46: =SUMIFS(Rodadas!$O$2:$O$65,Rodadas!$F$2:$F$65,"Bug plantado",Rodadas!$D$2:$D$65,"COT") -> 5 | L46: =IFERROR(K46/D46,0) -> 0.83333333 | M46: =COUNTIFS(Rodadas!$F$2:$F$65,"Bug plantado",Rodadas!$D$2:$D$65,"COT",Rodadas!$O$2:$O$65,3) -> 1 | N46: =SUMIFS(Rodadas!$P$2:$P$65,Rodadas!$F$2:$F$65,"Bug plantado",Rodadas!$D$2:$D$65,"COT") -> 7 | O46: =SUMIFS(Rodadas!$Q$2:$Q$65,Rodadas!$F$2:$F$65,"Bug plantado",Rodadas!$D$2:$D$65,"COT") -> 1 | P46: =COUNTIFS(Rodadas!$F$2:$F$65,"Bug plantado",Rodadas!$D$2:$D$65,"COT",Rodadas!$Q$2:$Q$65,">0") -> 1 | Q46: =COUNTIFS(Rodadas!$F$2:$F$65,"Bug plantado",Rodadas!$D$2:$D$65,"COT",Rodadas!$M$2:$M$65,"<>executa") -> 0
A48: Nota: "Aprovação final (%)" = soma de testes passando ÷ soma de testes gerados no grupo; arquivos que não compilam contam 0 passando e todos os gerados no denominador. Para bugs plantados a aprovação NÃO mede detecção — ver aba Bugs plantados.

Sheet Bugs plantados
A1: Detecção dos 6 bugs plantados × 3 estratégias (18 rodadas) — dimensão de diagnóstico, independente da aprovação
A3: Bug | B3: Nível | C3: Alvo | D3: Tipo | E3: ZS | F3: FS | G3: COT | H3: Detecção (rodadas em que alguma asserção ou (B) captura o bug) | I3: Leitura
A4: U-CRASH | B4: Unitário | C4: capitalize | D4: Crash | E4: (C) com asserção · 11/11 | F4: (C) só em prosa · 6/6 | G4: (C) com asserção · 10/10 | H4: 3/3 viram; 2/3 testaram | I4: Docstring dizia o oposto do código: incoerência local visível.
A5: U-SILENT | B5: Unitário | C5: validateSenha | D5: Silencioso | E5: (C) com asserção · 7/7 | F5: (C) com asserção · 5/5 | G5: (C) com asserção · 8/8 | H5: 3/3 | I5: Off-by-one entre comentário, mensagem e condição em 10 linhas.
A6: W-CRASH | B6: Widget | C6: CriarPlaylistScreen | D6: Crash | E6: Não detectado · 5/5 | F6: Não detectado · 3/5 (widget colado no teste) | G6: Não detectado · 9/9 | H6: 0/3 | I6: Teste do filtro existe nas 3; nenhum mock sem artist_name. FS sem ajuda de import queimou as 3 iterações.
A7: W-SILENT | B7: Widget | C7: LoginScreen | D7: Silencioso | E7: Canonizado · 10/11 · (B) TelaInicial | F7: Canonizado sobre cópia · 9/9 | G7: Canonizado · 9/10 · (B) TelaInicial | H7: 0/3 — pior: 3/3 fixam o par trocado como esperado | I7: Não há incoerência sintática no material; exige semântica de user-not-found. Prompt mais favorável não bastou.
A8: I-CRASH | B8: Integração | C8: GenerosCadastroScreen | D8: Crash | E8: Não detectado · 1/5 · (B) confabulado | F8: Não detectado · 1/4 · (B) confabulado | G8: Canonizado · 2/6 · (B) nomeia o bug | H8: 1/3 nomeia (COT) — e a asserção exige o crash | I8: Prompt com material divergente do app; (B) errado quando a evidência vem só do prompt, certo quando vem do stack trace real.
A9: I-SILENT | B9: Integração | C9: CriarPlaylistScreen | D9: Silencioso | E9: Visto em prosa, não testado · 2/2 | F9: Visto em prosa, não testado · 0/2 (não compila) | G9: Canonizado · 4/4 | H9: 3/3 viram; 0/3 capturaram | I9: Bug mais visto e menos pego. FS tinha a asserção certa no exemplo e a omitiu; COT escreveu-a invertida.
A11: Resumo
A12: Detectado com asserção que falharia se o bug fosse corrigido (teste de caracterização) ou (C) explícito com asserção: U-CRASH ZS/COT, U-SILENT ZS/FS/COT = 5/18. (C) só em prosa: U-CRASH FS = 1/18. Canonizado (suíte verde que DEFENDE o bug): W-SILENT ×3, I-CRASH COT, I-SILENT COT = 5/18. Visto em prosa e não testado: I-SILENT ZS/FS = 2/18. Não visto: W-CRASH ×3, I-CRASH ZS/FS = 5/18.
A13: Enfraquecimento de asserção: nenhum sob (B). Dois sob (A): I-CRASH COT iter 2 (isA<TypeError> → isNotNull) e I-SILENT ZS iter 1 (contains → isNotEmpty). Redução de escopo: WIDGET-ZS-02 (alvo limpo) removeu o teste classificado (B). "Trocar o sujeito do teste" (colar o widget no arquivo de teste): W-CRASH FS e W-SILENT FS.

Sheet Classificações
A1: Toda autoclassificação emitida nas 60 rodadas (+REEXEC), com o veredito da auditoria humana
A3: Rodada | B3: Grupo | C3: Nível | D3: Estratégia | E3: Iteração | F3: Classe declarada | G3: Veredito da auditoria | H3: Observação
A4: FASE2-UCRASH-ZS | B4: Bug plantado | C4: Unitário | D4: ZS | E4: geração | F4: (C) | G4: Procede | H4: 3 asserções throwsA + correção exata
A5: FASE2-UCRASH-FS | B5: Bug plantado | C5: Unitário | D5: FS | E5: geração | F5: (C) | G5: Procede (categoria); fraco | H5: Só em prosa, 0 asserções
A6: FASE2-UCRASH-COT | B6: Bug plantado | C6: Unitário | D6: COT | E6: geração | F6: (C) | G6: Procede | H6: Detecção no passo de análise
A7: FASE2-USILENT-ZS | B7: Bug plantado | C7: Unitário | D7: ZS | E7: geração | F7: (C) | G7: Procede | H7: Teste de borda 6/7
A8: FASE2-USILENT-FS | B8: Bug plantado | C8: Unitário | D8: FS | E8: geração | F8: (C) | G8: Procede
A9: FASE2-USILENT-COT | B9: Bug plantado | C9: Unitário | D9: COT | E9: geração | F9: (C) | G9: Procede
A10: FASE2-WCRASH-FS | B10: Bug plantado | C10: Widget | D10: FS | E10: 1 | F10: (A) | G10: Procede (categoria); correção errada | H10: 2º caminho inventado
A11: FASE2-WCRASH-FS | B11: Bug plantado | C11: Widget | D11: FS | E11: 2 | F11: (A) | G11: Procede (categoria); correção errada + regressão | H11: 3º caminho, afirmado como fato
A12: FASE2-WCRASH-FS | B12: Bug plantado | C12: Widget | D12: FS | E12: 3 | F12: (A) | G12: Procede (categoria); correção descaracteriza o teste | H12: Widget colado no arquivo de teste
A13: FASE2-WSILENT-ZS | B13: Bug plantado | C13: Widget | D13: ZS | E13: 1 | F13: (A) | G13: Procede | H13: Infra de mock
A14: FASE2-WSILENT-ZS | B14: Bug plantado | C14: Widget | D14: ZS | E14: 2 | F14: (B) | G14: Procede (limitação de testabilidade real; não é o bug plantado) | H14: TelaInicialScreen acopla FirebaseAuth.instance
A15: FASE2-WSILENT-FS | B15: Bug plantado | C15: Widget | D15: FS | E15: 1 | F15: (A) | G15: Procede | H15: Import comentado + authExceptions
A16: FASE2-WSILENT-FS | B16: Bug plantado | C16: Widget | D16: FS | E16: 2 | F16: (A) | G16: Procede (categoria); correção descaracteriza o teste | H16: LoginScreen colada no arquivo de teste
A17: FASE2-WSILENT-COT | B17: Bug plantado | C17: Widget | D17: COT | E17: 1 | F17: (B) | G17: Procede (limitação real; não é o bug plantado) | H17: Mesmo diagnóstico da ZS
A18: FASE2-ICRASH-ZS | B18: Bug plantado | C18: Integração | D18: ZS | E18: 1 | F18: (A) | G18: Procede | H18: Mock inline + gerado
A19: FASE2-ICRASH-ZS | B19: Bug plantado | C19: Integração | D19: ZS | E19: 2 | F19: (A) | G19: Procede | H19: API inexistente reconhecida
A20: FASE2-ICRASH-ZS | B20: Bug plantado | C20: Integração | D20: ZS | E20: 3 | F20: (B) | G20: NÃO procede | H20: Confabulado: SwitchListTile/ListView que não existem no app
A21: FASE2-ICRASH-FS | B21: Bug plantado | C21: Integração | D21: FS | E21: 1 | F21: (A) | G21: Procede | H21: Único FS a acertar o import
... A70: FASE2-WSILENT-FS_REEXEC | B70: REEXEC | C70: Widget | D70: FS | E70: 1–3 | F70: (A)×3 | G70: Procedem | H70: Nunca achou lib/login.dart
A71: FASE2-ICRASH-FS_REEXEC | B71: REEXEC | C71: Integração | D71: FS | E71: 1 | F71: (A) | G71: Procede
A72: FASE2-ICRASH-FS_REEXEC | B72: REEXEC | C72: Integração | D72: FS | E72: 2 | F72: (B)→(A) | G72: (B) do rascunho procede; (A) final não | H72: Resposta truncada com duas classificações
A73: FASE2-ICRASH-COT_REEXEC | B73: REEXEC | C73: Integração | D73: COT | E73: 1 | F73: (A) | G73: Procede | H73: Colisão MockFirebaseAuth
A74: FASE2-ICRASH-COT_REEXEC | B74: REEXEC | C74: Integração | D74: COT | E74: 2 | F74: (A)+(B) | G74: Procedem; (B) nomeia o bug plantado | H74: Teste ainda exige o TypeError
A75: FASE2-ICRASH-COT_REEXEC | B75: REEXEC | C75: Integração | D75: COT | E75: 3 | F75: (B) | G75: Parcial (2 de 3 itens) | H75: Dropdown sem validator: errado
A77: Contagem (60 rodadas, sem REEXEC) — fórmulas
A78: (A) declaradas | B78: =COUNTIFS($F$4:$F$75,"*(A)*",$B$4:$B$75,"<>REEXEC") -> 51
A79: (B) declaradas | B79: =COUNTIFS($F$4:$F$75,"*(B)*",$B$4:$B$75,"<>REEXEC") -> 12
A80: (C) declaradas | B80: =COUNTIFS($F$4:$F$75,"*(C)*",$B$4:$B$75,"<>REEXEC") -> 6
A81: (B) que NÃO procedem | B81: =COUNTIFS($F$4:$F$75,"*(B)*",$G$4:$G$75,"NÃO*",$B$4:$B$75,"<>REEXEC") -> 2
A82: (B) em bug plantado que nomeiam o bug plantado | B82: 1 (I-CRASH COT, iter 3) — e o teste da mesma resposta exige o crash

Sheet Ocorrências
A1: Ocorrências operacionais registradas nos docs (canal de envio: automação via Claude in Chrome salvo indicação)
A3: Tipo | B3: Rodada | C3: Grupo | D3: Detalhe
A4: Recusa | B4: 6 USILENT-COT | C4: Bug | D4: 1 recusa, geração — 1ª em 3.8 Flash
A5: Recusa | B5: 7 WCRASH-ZS | C5: Bug | D5: 1 recusa (em inglês)
A6: Recusa (execução perdida) | B6: 8 WCRASH-FS | C6: Bug | D6: 2 recusas numa execução automatizada apagada antes da captura; fora da contagem
A7: Recusa | B7: 19 UNIT-ZS-01 | C7: Limpo | D7: 1
A8: Recusa | B8: 20 UNIT-FS-01 | C8: Limpo | D8: 1
A9: Recusa | B9: 21 UNIT-COT-01 | C9: Limpo | D9: 1
A10: Erro de serviço | B10: 27 UNIT-COT-04 | C10: Limpo | D10: "Algo deu errado (1096)", prompt devolvido
A11: Recusa | B11: 28 UNIT-ZS-05 | C11: Limpo | D11: 1
A12: Recusa | B12: 30 UNIT-COT-05 | C12: Limpo | D12: 1; 2ª tentativa enviada manualmente
A13: Recusa | B13: 35 UNIT-FS-07 | C13: Limpo | D13: 1
A14: Recusa | B14: 37 UNIT-ZS-08 | C14: formatName | D14: 2 seguidas; 3ª manual
... A35: build_runner como passo do operador | B35: 48, 51, 52 | C35: Limpo | D35: Necessário pelo .mocks.dart com nome presumido; em 52 apagou .mocks de rodada fechada (restaurado)
A37: Totais nas 60 rodadas: 21 recusas em 17 rodadas (tentativas de envio > 1 em 19 rodadas contando 2 erros de serviço). Nas 4 REEXEC: 5 recusas, 1 rodada perdida. Nenhuma recusa nas 9 rodadas de integração limpa exceto a 53. Nenhuma recusa registrada na Fase 2 com ChatGPT.
